date,price,previous_date,previous_price,calendar_gap_days,return_pct,sep_2026_roll_window,uk_bank_holiday_candidate
2021-01-04,19.845,,,,,False,False
2021-01-05,18.005,2021-01-04,19.845,1.0,-9.271856890904505,False,False
2021-01-06,17.565,2021-01-05,18.005,1.0,-2.4437656206609204,False,False
2021-01-07,19.305,2021-01-06,17.565,1.0,9.906063193851388,False,False
2021-01-08,20.12,2021-01-07,19.305,1.0,4.2217042217042255,False,False
2021-01-11,22.125,2021-01-08,20.12,3.0,9.965208747514897,False,False
2021-01-12,26.155,2021-01-11,22.125,1.0,18.214689265536734,False,False
2021-01-13,21.5,2021-01-12,26.155,1.0,-17.797744217166887,False,False
2021-01-14,21.335,2021-01-13,21.5,1.0,-0.7674418604651123,False,False
2021-01-15,20.2,2021-01-14,21.335,1.0,-5.319896883056019,False,False
2021-01-19,20.325,2021-01-15,20.2,4.0,0.6188118811881083,False,False
2021-01-20,20.26,2021-01-19,20.325,1.0,-0.3198031980319649,False,False
2021-01-21,20.065,2021-01-20,20.26,1.0,-0.9624876604146126,False,False
2021-01-22,21.485,2021-01-21,20.065,1.0,7.076999750809865,False,False
2021-01-25,20.16,2021-01-22,21.485,3.0,-6.167093320921568,False,False
2021-01-26,19.51,2021-01-25,20.16,1.0,-3.2242063492063378,False,False
2021-01-27,19.7,2021-01-26,19.51,1.0,0.9738595592003962,False,False
2021-01-28,20.91,2021-01-27,19.7,1.0,6.142131979695442,False,False
2021-01-29,19.82,2021-01-28,20.91,1.0,-5.2128168340506935,False,False
2021-02-01,18.14,2021-01-29,19.82,3.0,-8.47628657921291,False,False
2021-02-02,18.25,2021-02-01,18.14,1.0,0.6063947078279952,False,False
2021-02-03,17.855,2021-02-02,18.25,1.0,-2.1643835616438345,False,False
2021-02-04,18.12,2021-02-03,17.855,1.0,1.4841781013721578,False,False
2021-02-05,18.38,2021-02-04,18.12,1.0,1.4348785871964642,False,False
2021-02-08,20.18,2021-02-05,18.38,3.0,9.793253536452662,False,False
2021-02-09,19.045,2021-02-08,20.18,1.0,-5.6243805748265485,False,False
2021-02-10,18.56,2021-02-09,19.045,1.0,-2.5466001575216723,False,False
2021-02-11,17.375,2021-02-10,18.56,1.0,-6.384698275862066,False,False
2021-02-12,17.62,2021-02-11,17.375,1.0,1.410071942446045,False,False
2021-02-16,16.715,2021-02-12,17.62,4.0,-5.136208853575486,False,False
2021-02-17,16.54,2021-02-16,16.715,1.0,-1.046963804965606,False,False
2021-02-18,17.33,2021-02-17,16.54,1.0,4.776299879081014,False,False
2021-02-19,16.555,2021-02-18,17.33,1.0,-4.472013848817069,False,False
2021-02-22,15.96,2021-02-19,16.555,3.0,-3.594080338266381,False,False
2021-02-23,16.25,2021-02-22,15.96,1.0,1.8170426065162948,False,False
2021-02-24,16.38,2021-02-23,16.25,1.0,0.8000000000000007,False,False
2021-02-25,15.935,2021-02-24,16.38,1.0,-2.716727716727707,False,False
2021-02-26,15.695,2021-02-25,15.935,1.0,-1.5061186068402899,False,False
2021-03-01,16.08,2021-02-26,15.695,3.0,2.4530105129021873,False,False
2021-03-02,15.87,2021-03-01,16.08,1.0,-1.3059701492537212,False,False
2021-03-03,15.525,2021-03-02,15.87,1.0,-2.1739130434782483,False,False
2021-03-04,15.93,2021-03-03,15.525,1.0,2.608695652173898,False,False
2021-03-05,16.365,2021-03-04,15.93,1.0,2.730696798493404,False,False
2021-03-08,16.15,2021-03-05,16.365,3.0,-1.3137794072716202,False,False
2021-03-09,16.925,2021-03-08,16.15,1.0,4.798761609907132,False,False
2021-03-10,17.63,2021-03-09,16.925,1.0,4.165435745937951,False,False
2021-03-11,18.125,2021-03-10,17.63,1.0,2.80771412365286,False,False
2021-03-12,18.45,2021-03-11,18.125,1.0,1.7931034482758568,False,False
2021-03-15,17.93,2021-03-12,18.45,3.0,-2.8184281842818404,False,False
2021-03-16,17.66,2021-03-15,17.93,1.0,-1.5058561070831034,False,False
2021-03-17,17.97,2021-03-16,17.66,1.0,1.7553793884484747,False,False
2021-03-18,17.76,2021-03-17,17.97,1.0,-1.1686143572620877,False,False
2021-03-19,17.265,2021-03-18,17.76,1.0,-2.787162162162171,False,False
2021-03-22,18.045,2021-03-19,17.265,3.0,4.517810599478711,False,False
2021-03-23,18.39,2021-03-22,18.045,1.0,1.9118869492934287,False,False
2021-03-24,18.59,2021-03-23,18.39,1.0,1.087547580206638,False,False
2021-03-25,18.365,2021-03-24,18.59,1.0,-1.2103281334050586,False,False
2021-03-26,18.7,2021-03-25,18.365,1.0,1.8241219711407686,False,False
2021-03-29,18.445,2021-03-26,18.7,3.0,-1.3636363636363558,False,False
2021-03-30,18.805,2021-03-29,18.445,1.0,1.9517484413120068,False,False
2021-03-31,18.995,2021-03-30,18.805,1.0,1.0103695825578463,False,False
2021-04-01,19.17,2021-03-31,18.995,1.0,0.9212950776520179,False,False
2021-04-05,19.17,2021-04-01,19.17,4.0,0.0,False,False
2021-04-06,19.78,2021-04-05,19.17,1.0,3.182055294731345,False,False
2021-04-07,19.285,2021-04-06,19.78,1.0,-2.5025278058645184,False,False
2021-04-08,18.99,2021-04-07,19.285,1.0,-1.529686284677223,False,False
2021-04-09,18.94,2021-04-08,18.99,1.0,-0.2632964718272679,False,False
2021-04-12,19.65,2021-04-09,18.94,3.0,3.748680042238628,False,False
2021-04-13,19.51,2021-04-12,19.65,1.0,-0.7124681933842081,False,False
2021-04-14,19.68,2021-04-13,19.51,1.0,0.8713480266529849,False,False
2021-04-15,20.26,2021-04-14,19.68,1.0,2.9471544715447218,False,False
2021-04-16,20.54,2021-04-15,20.26,1.0,1.382033563672258,False,False
2021-04-19,20.94,2021-04-16,20.54,3.0,1.947419668938677,False,False
2021-04-20,21.065,2021-04-19,20.94,1.0,0.5969436485195878,False,False
2021-04-21,21.11,2021-04-20,21.065,1.0,0.2136244956088218,False,False
2021-04-22,21.37,2021-04-21,21.11,1.0,1.2316437707247774,False,False
2021-04-23,20.045,2021-04-22,21.37,1.0,-6.200280767430977,False,False
2021-04-26,20.0,2021-04-23,20.045,3.0,-0.22449488650536642,False,False
2021-04-27,21.405,2021-04-26,20.0,1.0,7.025000000000015,False,False
2021-04-28,21.555,2021-04-27,21.405,1.0,0.700770847932719,False,False
2021-04-29,22.5,2021-04-28,21.555,1.0,4.384133611691032,False,False
2021-04-30,23.285,2021-04-29,22.5,1.0,3.488888888888897,False,False
2021-05-03,23.815,2021-04-30,23.285,3.0,2.276143439982836,False,False
2021-05-04,23.05,2021-05-03,23.815,1.0,-3.2122611799286216,False,False
2021-05-05,23.96,2021-05-04,23.05,1.0,3.947939262472877,False,False
2021-05-06,24.33,2021-05-05,23.96,1.0,1.5442404006677624,False,False
2021-05-07,23.94,2021-05-06,24.33,1.0,-1.6029593094944339,False,False
2021-05-10,25.19,2021-05-07,23.94,3.0,5.221386800334171,False,False
2021-05-11,25.805,2021-05-10,25.19,1.0,2.44144501786423,False,False
2021-05-12,26.42,2021-05-11,25.805,1.0,2.3832590583220403,False,False
2021-05-13,26.25,2021-05-12,26.42,1.0,-0.6434519303557984,False,False
2021-05-14,26.83,2021-05-13,26.25,1.0,2.2095238095237946,False,False
2021-05-17,26.31,2021-05-14,26.83,3.0,-1.9381289601192675,False,False
2021-05-18,24.81,2021-05-17,26.31,1.0,-5.701254275940704,False,False
2021-05-19,22.665,2021-05-18,24.81,1.0,-8.645707376058043,False,False
2021-05-20,24.685,2021-05-19,22.665,1.0,8.912420030884615,False,False
2021-05-21,24.795,2021-05-20,24.685,1.0,0.4456147457970516,False,False
2021-05-24,24.76,2021-05-21,24.795,3.0,-0.141157491429722,False,False
2021-05-25,26.19,2021-05-24,24.76,1.0,5.775444264943452,False,False
2021-05-26,26.425,2021-05-25,26.19,1.0,0.8972890416189427,False,False
2021-05-27,25.2,2021-05-26,26.425,1.0,-4.635761589403975,False,False
2021-05-28,24.93,2021-05-27,25.2,1.0,-1.0714285714285676,False,False
2021-06-01,25.975,2021-05-28,24.93,4.0,4.1917368632170104,False,False
2021-06-02,25.725,2021-06-01,25.975,1.0,-0.9624639076034613,False,False
2021-06-03,25.705,2021-06-02,25.725,1.0,-0.07774538386784435,False,False
2021-06-04,25.795,2021-06-03,25.705,1.0,0.3501264345458166,False,False
2021-06-07,26.49,2021-06-04,25.795,3.0,2.694320604768352,False,False
2021-06-08,27.8,2021-06-07,26.49,1.0,4.945262363155911,False,False
2021-06-09,28.3,2021-06-08,27.8,1.0,1.7985611510791477,False,False
2021-06-10,28.685,2021-06-09,28.3,1.0,1.3604240282685476,False,False
2021-06-11,27.845,2021-06-10,28.685,1.0,-2.9283597699145902,False,False
2021-06-14,28.81,2021-06-11,27.845,3.0,3.465613216017238,False,False
2021-06-15,28.135,2021-06-14,28.81,1.0,-2.3429364803887465,False,False
2021-06-16,28.03,2021-06-15,28.135,1.0,-0.3732006397725307,False,False
2021-06-17,28.31,2021-06-16,28.03,1.0,0.9989297181591139,False,False
2021-06-18,29.405,2021-06-17,28.31,1.0,3.8678912045213787,False,False
2021-06-21,29.615,2021-06-18,29.405,3.0,0.7141642577792817,False,False
2021-06-22,30.735,2021-06-21,29.615,1.0,3.781867296977892,False,False
2021-06-23,31.545,2021-06-22,30.735,1.0,2.6354319180087904,False,False
2021-06-24,32.015,2021-06-23,31.545,1.0,1.4899350134728095,False,False
2021-06-25,32.385,2021-06-24,32.015,1.0,1.1557082617522862,False,False
2021-06-28,32.29,2021-06-25,32.385,3.0,-0.29334568473058376,False,False
2021-06-29,33.486,2021-06-28,32.29,1.0,3.7039331062248326,False,False
2021-06-30,34.62,2021-06-29,33.486,1.0,3.38648987636625,False,False
2021-07-01,36.145,2021-06-30,34.62,1.0,4.404968226458705,False,False
2021-07-02,35.827,2021-07-01,36.145,1.0,-0.8797897357864293,False,False
2021-07-06,34.105,2021-07-02,35.827,4.0,-4.806430904066772,False,False
2021-07-07,32.34,2021-07-06,34.105,1.0,-5.17519425304206,False,False
2021-07-08,33.31,2021-07-07,32.34,1.0,2.9993815708101446,False,False
2021-07-09,36.632,2021-07-08,33.31,1.0,9.972981086760724,False,False
2021-07-12,34.65,2021-07-09,36.632,3.0,-5.410569993448345,False,False
2021-07-13,35.465,2021-07-12,34.65,1.0,2.352092352092372,False,False
2021-07-14,34.775,2021-07-13,35.465,1.0,-1.9455801494431268,False,False
2021-07-15,33.795,2021-07-14,34.775,1.0,-2.8181164629762723,False,False
2021-07-16,34.84,2021-07-15,33.795,1.0,3.09217339843173,False,False
2021-07-19,35.65,2021-07-16,34.84,3.0,2.324913892078051,False,False
2021-07-20,35.165,2021-07-19,35.65,1.0,-1.360448807854131,False,False
2021-07-21,35.95,2021-07-20,35.165,1.0,2.2323332859377265,False,False
2021-07-22,36.13,2021-07-21,35.95,1.0,0.5006954102920735,False,False
2021-07-23,35.525,2021-07-22,36.13,1.0,-1.6745087185164764,False,False
2021-07-26,36.915,2021-07-23,35.525,3.0,3.9127375087966154,False,False
2021-07-27,37.59,2021-07-26,36.915,1.0,1.82852498984154,False,False
2021-07-28,39.7,2021-07-27,37.59,1.0,5.613194998669857,False,False
2021-07-29,41.154,2021-07-28,39.7,1.0,3.6624685138539004,False,False
2021-07-30,40.755,2021-07-29,41.154,1.0,-0.969529085872578,False,False
2021-08-02,42.155,2021-07-30,40.755,3.0,3.435161329898162,False,False
2021-08-03,41.245,2021-08-02,42.155,1.0,-2.158700035582972,False,False
2021-08-04,42.255,2021-08-03,41.245,1.0,2.4487816705055288,False,False
2021-08-05,42.9,2021-08-04,42.255,1.0,1.5264465743698885,False,False
2021-08-06,43.12,2021-08-05,42.9,1.0,0.512820512820511,False,False
2021-08-09,42.785,2021-08-06,43.12,3.0,-0.7769016697588116,False,False
2021-08-10,44.655,2021-08-09,42.785,1.0,4.370690662615417,False,False
2021-08-11,45.985,2021-08-10,44.655,1.0,2.9783898779532025,False,False
2021-08-12,45.87,2021-08-11,45.985,1.0,-0.2500815483309826,False,False
2021-08-13,44.63,2021-08-12,45.87,1.0,-2.7032919119249987,False,False
2021-08-16,47.99,2021-08-13,44.63,3.0,7.528568227649557,False,False
2021-08-17,46.95,2021-08-16,47.99,1.0,-2.1671181496145,False,False
2021-08-18,45.385,2021-08-17,46.95,1.0,-3.3333333333333437,False,False
2021-08-19,40.395,2021-08-18,45.385,1.0,-10.994822077778988,False,False
2021-08-20,41.944,2021-08-19,40.395,1.0,3.834632999133558,False,False
2021-08-23,41.68,2021-08-20,41.944,3.0,-0.6294106427617852,False,False
2021-08-24,44.87,2021-08-23,41.68,1.0,7.653550863723613,False,False
2021-08-25,45.285,2021-08-24,44.87,1.0,0.9248941386226894,False,False
2021-08-26,45.79,2021-08-25,45.285,1.0,1.1151595451032392,False,False
2021-08-27,47.806,2021-08-26,45.79,1.0,4.402708014850409,False,False
2021-08-30,49.68,2021-08-27,47.806,3.0,3.9200100405806904,False,False
2021-08-31,50.34,2021-08-30,49.68,1.0,1.328502415458943,False,False
2021-09-01,50.23,2021-08-31,50.34,1.0,-0.2185141040921823,False,False
2021-09-02,51.915,2021-09-01,50.23,1.0,3.354568982679673,False,False
2021-09-03,51.505,2021-09-02,51.915,1.0,-0.7897524800154043,False,False
2021-09-07,53.91,2021-09-03,51.505,4.0,4.669449568003103,False,False
2021-09-08,55.29,2021-09-07,53.91,1.0,2.5598219254312715,False,False
2021-09-09,56.58,2021-09-08,55.29,1.0,2.3331524688008587,False,False
2021-09-10,57.916,2021-09-09,56.58,1.0,2.361258395192656,False,False
2021-09-13,61.28,2021-09-10,57.916,3.0,5.808412183161837,False,False
2021-09-14,65.765,2021-09-13,61.28,1.0,7.318864229765021,False,False
2021-09-15,70.705,2021-09-14,65.765,1.0,7.511594313084458,False,False
2021-09-16,63.25,2021-09-15,70.705,1.0,-10.543808782971498,False,False
2021-09-17,65.103,2021-09-16,63.25,1.0,2.9296442687746893,False,False
2021-09-20,75.315,2021-09-17,65.103,3.0,15.685913091562597,False,False
2021-09-21,73.78,2021-09-20,75.315,1.0,-2.038106618867419,False,False
2021-09-22,71.69,2021-09-21,73.78,1.0,-2.8327460016264627,False,False
2021-09-23,69.685,2021-09-22,71.69,1.0,-2.7967638443297416,False,False
2021-09-24,70.24,2021-09-23,69.685,1.0,0.7964411279328232,False,False
2021-09-27,76.505,2021-09-24,70.24,3.0,8.919419134396357,False,False
2021-09-28,78.565,2021-09-27,76.505,1.0,2.6926344683354086,False,False
2021-09-29,86.609,2021-09-28,78.565,1.0,10.23865589002737,False,False
2021-09-30,97.775,2021-09-29,86.609,1.0,12.892424574813255,False,False
2021-10-01,93.625,2021-09-30,97.775,1.0,-4.244438762464853,False,False
2021-10-04,96.65,2021-10-01,93.625,3.0,3.2309746328438083,False,False
2021-10-05,116.02,2021-10-04,96.65,1.0,20.041386445938937,False,False
2021-10-06,108.19,2021-10-05,116.02,1.0,-6.748836407515945,False,False
2021-10-07,96.585,2021-10-06,108.19,1.0,-10.72649967649506,False,False
2021-10-08,87.605,2021-10-07,96.585,1.0,-9.29750996531552,False,False
2021-10-11,85.215,2021-10-08,87.605,3.0,-2.7281547856857435,False,False
2021-10-12,85.7,2021-10-11,85.215,1.0,0.5691486240685384,False,False
2021-10-13,93.615,2021-10-12,85.7,1.0,9.235705950991813,False,False
2021-10-14,102.17,2021-10-13,93.615,1.0,9.138492762911943,False,False
2021-10-15,93.65,2021-10-14,102.17,1.0,-8.339042771850835,False,False
2021-10-18,93.935,2021-10-15,93.65,3.0,0.304324612920448,False,False
2021-10-19,89.93,2021-10-18,93.935,1.0,-4.263586522595409,False,False
2021-10-20,93.45,2021-10-19,89.93,1.0,3.9141554542421853,False,False
2021-10-21,88.465,2021-10-20,93.45,1.0,-5.334403424291068,False,False
2021-10-22,87.34,2021-10-21,88.465,1.0,-1.271689368676876,False,False
2021-10-25,88.645,2021-10-22,87.34,3.0,1.494160751087703,False,False
2021-10-26,88.495,2021-10-25,88.645,1.0,-0.16921428168535924,False,False
2021-10-27,86.82,2021-10-26,88.495,1.0,-1.8927623029549867,False,False
2021-10-28,77.032,2021-10-27,86.82,1.0,-11.273900023036166,False,False
2021-10-29,64.865,2021-10-28,77.032,1.0,-15.794734655727494,False,False
2021-11-01,65.62,2021-10-29,64.865,3.0,1.163955908425196,False,False
2021-11-02,67.605,2021-11-01,65.62,1.0,3.024992380371838,False,False
2021-11-03,76.54,2021-11-02,67.605,1.0,13.216478071148586,False,False
2021-11-04,73.375,2021-11-03,76.54,1.0,-4.13509276195454,False,False
2021-11-05,74.025,2021-11-04,73.375,1.0,0.8858603066439708,False,False
2021-11-08,79.075,2021-11-05,74.025,3.0,6.822019587977035,False,False
2021-11-09,72.585,2021-11-08,79.075,1.0,-8.207398039835612,False,False
2021-11-10,70.125,2021-11-09,72.585,1.0,-3.3891299855341894,False,False
2021-11-11,74.79,2021-11-10,70.125,1.0,6.652406417112311,False,False
2021-11-12,75.675,2021-11-11,74.79,1.0,1.1833132771760901,False,False
2021-11-15,79.945,2021-11-12,75.675,3.0,5.642550379914102,False,False
2021-11-16,94.19,2021-11-15,79.945,1.0,17.818500218900503,False,False
2021-11-17,95.005,2021-11-16,94.19,1.0,0.8652723219025438,False,False
2021-11-18,95.165,2021-11-17,95.005,1.0,0.1684121888321677,False,False
2021-11-19,87.125,2021-11-18,95.165,1.0,-8.448484211632435,False,False
2021-11-22,84.015,2021-11-19,87.125,3.0,-3.5695839311334243,False,False
2021-11-23,90.925,2021-11-22,84.015,1.0,8.224721775873345,False,False
2021-11-24,93.985,2021-11-23,90.925,1.0,3.3654110530657144,False,False
2021-11-26,87.772,2021-11-24,93.985,2.0,-6.610629355748254,False,False
2021-11-29,93.146,2021-11-26,87.772,3.0,6.122681492959026,False,False
2021-11-30,92.515,2021-11-29,93.146,1.0,-0.6774311296244617,False,False
2021-12-01,95.675,2021-11-30,92.515,1.0,3.415662325028368,False,False
2021-12-02,94.83,2021-12-01,95.675,1.0,-0.8831983276718081,False,False
2021-12-03,89.48,2021-12-02,94.83,1.0,-5.641674575556255,False,False
2021-12-06,89.93,2021-12-03,89.48,3.0,0.5029056772463125,False,False
2021-12-07,95.885,2021-12-06,89.93,1.0,6.62181696875348,False,False
2021-12-08,101.5,2021-12-07,95.885,1.0,5.85597330135057,False,False
2021-12-09,100.445,2021-12-08,101.5,1.0,-1.039408866995084,False,False
2021-12-10,105.775,2021-12-09,100.445,1.0,5.306386579720268,False,False
2021-12-13,116.085,2021-12-10,105.775,3.0,9.747104703379804,False,False
2021-12-14,128.3,2021-12-13,116.085,1.0,10.52246198905975,False,False
2021-12-15,132.285,2021-12-14,128.3,1.0,3.1060015588464385,False,False
2021-12-16,142.765,2021-12-15,132.285,1.0,7.9222889972407895,False,False
2021-12-17,136.915,2021-12-16,142.765,1.0,-4.0976429797219165,False,False
2021-12-20,146.925,2021-12-17,136.915,3.0,7.311105430376519,False,False
2021-12-21,180.265,2021-12-20,146.925,1.0,22.69184958312063,False,False
2021-12-22,172.875,2021-12-21,180.265,1.0,-4.099520150888958,False,False
2021-12-23,132.58,2021-12-22,172.875,1.0,-23.308749096167748,False,False
2021-12-27,106.895,2021-12-23,132.58,4.0,-19.373208628752458,False,False
2021-12-28,106.59,2021-12-27,106.895,1.0,-0.28532672248466895,False,False
2021-12-29,96.475,2021-12-28,106.59,1.0,-9.489633173843703,False,False
2021-12-30,87.027,2021-12-29,96.475,1.0,-9.793210676341014,False,False
2021-12-31,70.345,2021-12-30,87.027,1.0,-19.168763717007366,False,False
2022-01-03,80.435,2021-12-31,70.345,3.0,14.343592295116924,False,False
2022-01-04,88.74,2022-01-03,80.435,1.0,10.325107229439912,False,False
2022-01-05,91.52,2022-01-04,88.74,1.0,3.13274735181428,False,False
2022-01-06,96.5,2022-01-05,91.52,1.0,5.441433566433562,False,False
2022-01-07,88.175,2022-01-06,96.5,1.0,-8.626943005181353,False,False
2022-01-10,84.605,2022-01-07,88.175,3.0,-4.048766657215753,False,False
2022-01-11,78.735,2022-01-10,84.605,1.0,-6.938124224336628,False,False
2022-01-12,75.155,2022-01-11,78.735,1.0,-4.5468978218073275,False,False
2022-01-13,85.46,2022-01-12,75.155,1.0,13.71166256403431,False,False
2022-01-14,86.97,2022-01-13,85.46,1.0,1.766908495202446,False,False
2022-01-18,78.335,2022-01-14,86.97,4.0,-9.928711049787287,False,False
2022-01-19,75.6,2022-01-18,78.335,1.0,-3.491415076274973,False,False
2022-01-20,75.205,2022-01-19,75.6,1.0,-0.5224867724867632,False,False
2022-01-21,78.98,2022-01-20,75.205,1.0,5.019613057642447,False,False
2022-01-24,93.0,2022-01-21,78.98,3.0,17.75132945049378,False,False
2022-01-25,93.58,2022-01-24,93.0,1.0,0.6236559139784825,False,False
2022-01-26,91.835,2022-01-25,93.58,1.0,-1.864714682624502,False,False
2022-01-27,92.3,2022-01-26,91.835,1.0,0.5063428975880635,False,False
2022-01-28,92.062,2022-01-27,92.3,1.0,-0.25785482123510395,False,False
2022-01-31,84.67,2022-01-28,92.062,3.0,-8.029371510503791,False,False
2022-02-01,76.165,2022-01-31,84.67,1.0,-10.044880122829802,False,False
2022-02-02,77.35,2022-02-01,76.165,1.0,1.5558327315696063,False,False
2022-02-03,80.225,2022-02-02,77.35,1.0,3.7168713639301965,False,False
2022-02-04,82.65,2022-02-03,80.225,1.0,3.022748519788121,False,False
2022-02-07,79.595,2022-02-04,82.65,3.0,-3.696309739866921,False,False
2022-02-08,77.3,2022-02-07,79.595,1.0,-2.8833469439035087,False,False
2022-02-09,74.415,2022-02-08,77.3,1.0,-3.7322121604139613,False,False
2022-02-10,74.355,2022-02-09,74.415,1.0,-0.0806289054626097,False,False
2022-02-11,77.425,2022-02-10,74.355,1.0,4.12884136910765,False,False
2022-02-14,80.77,2022-02-11,77.425,3.0,4.320309977397474,False,False
2022-02-15,70.92,2022-02-14,80.77,1.0,-12.195121951219502,False,False
2022-02-16,69.795,2022-02-15,70.92,1.0,-1.5862944162436499,False,False
2022-02-17,74.915,2022-02-16,69.795,1.0,7.3357690378967,False,False
2022-02-18,73.76,2022-02-17,74.915,1.0,-1.5417473136221105,False,False
2022-02-22,79.79,2022-02-18,73.76,4.0,8.175162689804782,False,False
2022-02-23,88.89,2022-02-22,79.79,1.0,11.40493796215063,False,False
2022-02-24,134.315,2022-02-23,88.89,1.0,51.10248621892226,False,False
2022-02-25,94.422,2022-02-24,134.315,1.0,-29.701075829207458,False,False
2022-02-28,98.595,2022-02-25,94.422,3.0,4.419520874372496,False,False
2022-03-01,121.675,2022-02-28,98.595,1.0,23.408894974390183,False,False
2022-03-02,165.545,2022-03-01,121.675,1.0,36.05506472159441,False,False
2022-03-03,160.825,2022-03-02,165.545,1.0,-2.851188498595547,False,False
2022-03-04,192.55,2022-03-03,160.825,1.0,19.72641069485468,False,False
2022-03-07,227.2,2022-03-04,192.55,3.0,17.995325889379377,False,False
2022-03-08,214.555,2022-03-07,227.2,1.0,-5.565580985915486,False,False
2022-03-09,155.88,2022-03-08,214.555,1.0,-27.347300226049263,False,False
2022-03-10,126.4,2022-03-09,155.88,1.0,-18.91198357711059,False,False
2022-03-11,131.23,2022-03-10,126.4,1.0,3.821202531645551,False,False
2022-03-14,114.52,2022-03-11,131.23,3.0,-12.733368894307695,False,False
2022-03-15,115.44,2022-03-14,114.52,1.0,0.8033531260915217,False,False
2022-03-16,102.625,2022-03-15,115.44,1.0,-11.101004851004848,False,False
2022-03-17,105.09,2022-03-16,102.625,1.0,2.401948842874546,False,False
2022-03-18,105.045,2022-03-17,105.09,1.0,-0.04282043962318127,False,False
2022-03-21,96.302,2022-03-18,105.045,3.0,-8.323099623970675,False,False
2022-03-22,98.745,2022-03-21,96.302,1.0,2.536811281177953,False,False
2022-03-23,117.0,2022-03-22,98.745,1.0,18.487012000607628,False,False
2022-03-24,111.61,2022-03-23,117.0,1.0,-4.60683760683761,False,False
2022-03-25,101.27,2022-03-24,111.61,1.0,-9.264402831287521,False,False
2022-03-28,102.545,2022-03-25,101.27,3.0,1.259010565814167,False,False
2022-03-29,108.38,2022-03-28,102.545,1.0,5.690184796918429,False,False
2022-03-30,118.97,2022-03-29,108.38,1.0,9.77117549363351,False,False
2022-03-31,125.905,2022-03-30,118.97,1.0,5.829200638816512,False,False
2022-04-01,112.15,2022-03-31,125.905,1.0,-10.924903697232036,False,False
2022-04-04,109.525,2022-04-01,112.15,3.0,-2.3406152474364728,False,False
2022-04-05,108.565,2022-04-04,109.525,1.0,-0.8765122118237878,False,False
2022-04-06,106.79,2022-04-05,108.565,1.0,-1.6349652282042992,False,False
2022-04-07,104.565,2022-04-06,106.79,1.0,-2.0835284202640802,False,False
2022-04-08,103.88,2022-04-07,104.565,1.0,-0.6550949170372466,False,False
2022-04-11,100.135,2022-04-08,103.88,3.0,-3.6051212938005284,False,False
2022-04-12,102.22,2022-04-11,100.135,1.0,2.0821890447895175,False,False
2022-04-13,105.325,2022-04-12,102.22,1.0,3.0375660340442145,False,False
2022-04-14,95.62,2022-04-13,105.325,1.0,-9.214336577260863,False,False
2022-04-18,95.62,2022-04-14,95.62,4.0,0.0,False,False
2022-04-19,93.77,2022-04-18,95.62,1.0,-1.9347416858397914,False,False
2022-04-20,94.23,2022-04-19,93.77,1.0,0.4905620134371347,False,False
2022-04-21,100.06,2022-04-20,94.23,1.0,6.186989281545152,False,False
2022-04-22,94.875,2022-04-21,100.06,1.0,-5.181890865480709,False,False
2022-04-25,92.835,2022-04-22,94.875,3.0,-2.1501976284585056,False,False
2022-04-26,103.21,2022-04-25,92.835,1.0,11.175741907685687,False,False
2022-04-27,107.425,2022-04-26,103.21,1.0,4.083906598197862,False,False
2022-04-28,100.142,2022-04-27,107.425,1.0,-6.779613683965557,False,False
2022-04-29,99.45,2022-04-28,100.142,1.0,-0.6910187533702095,False,False
2022-05-02,97.05,2022-04-29,99.45,3.0,-2.413273001508298,False,False
2022-05-03,99.425,2022-05-02,97.05,1.0,2.4471921689850573,False,False
2022-05-04,103.82,2022-05-03,99.425,1.0,4.4204174000502805,False,False
2022-05-05,106.51,2022-05-04,103.82,1.0,2.5910229242920524,False,False
2022-05-06,101.71,2022-05-05,106.51,1.0,-4.5066190967984365,False,False
2022-05-09,93.785,2022-05-06,101.71,3.0,-7.791760888801491,False,False
2022-05-10,98.8,2022-05-09,93.785,1.0,5.347336994188834,False,False
2022-05-11,94.01,2022-05-10,98.8,1.0,-4.848178137651815,False,False
2022-05-12,106.7,2022-05-11,94.01,1.0,13.498563982555044,False,False
2022-05-13,96.88,2022-05-12,106.7,1.0,-9.20337394564199,False,False
2022-05-16,92.86,2022-05-13,96.88,3.0,-4.149463253509489,False,False
2022-05-17,94.175,2022-05-16,92.86,1.0,1.4161102735300357,False,False
2022-05-18,94.54,2022-05-17,94.175,1.0,0.3875763206796057,False,False
2022-05-19,91.025,2022-05-18,94.54,1.0,-3.7180029617093324,False,False
2022-05-20,87.9,2022-05-19,91.025,1.0,-3.433122768470198,False,False
2022-05-23,83.29,2022-05-20,87.9,3.0,-5.244596131968149,False,False
2022-05-24,84.505,2022-05-23,83.29,1.0,1.4587585544483028,False,False
2022-05-25,88.08,2022-05-24,84.505,1.0,4.230518904206848,False,False
2022-05-26,85.97,2022-05-25,88.08,1.0,-2.3955495004541305,False,False
2022-05-27,86.875,2022-05-26,85.97,1.0,1.0526927998138813,False,False
2022-05-31,94.005,2022-05-27,86.875,4.0,8.20719424460432,False,False
2022-06-01,85.55,2022-05-31,94.005,1.0,-8.994202436040633,False,False
2022-06-02,83.945,2022-06-01,85.55,1.0,-1.8760958503798997,False,False
2022-06-03,83.1,2022-06-02,83.945,1.0,-1.0066114717970032,False,False
2022-06-06,82.56,2022-06-03,83.1,3.0,-0.6498194945848246,False,False
2022-06-07,79.61,2022-06-06,82.56,1.0,-3.57315891472868,False,False
2022-06-08,79.405,2022-06-07,79.61,1.0,-0.2575053385253101,False,False
2022-06-09,84.88,2022-06-08,79.405,1.0,6.895031799005102,False,False
2022-06-10,82.465,2022-06-09,84.88,1.0,-2.845193213949093,False,False
2022-06-13,83.4,2022-06-10,82.465,3.0,1.1338143454799,False,False
2022-06-14,97.04,2022-06-13,83.4,1.0,16.354916067146274,False,False
2022-06-15,120.33,2022-06-14,97.04,1.0,24.000412201154163,False,False
2022-06-16,124.365,2022-06-15,120.33,1.0,3.3532784841685315,False,False
2022-06-17,117.74,2022-06-16,124.365,1.0,-5.327061472279182,False,False
2022-06-21,125.56,2022-06-17,117.74,4.0,6.641753015118068,False,False
2022-06-22,127.17,2022-06-21,125.56,1.0,1.282255495380702,False,False
2022-06-23,133.345,2022-06-22,127.17,1.0,4.855704961862073,False,False
2022-06-24,128.505,2022-06-23,133.345,1.0,-3.629682402789758,False,False
2022-06-27,129.46,2022-06-24,128.505,3.0,0.7431617446792105,False,False
2022-06-28,129.175,2022-06-27,129.46,1.0,-0.22014521860034275,False,False
2022-06-29,139.588,2022-06-28,129.175,1.0,8.06115734468742,False,False
2022-06-30,144.515,2022-06-29,139.588,1.0,3.529673037796943,False,False
2022-07-01,147.785,2022-06-30,144.515,1.0,2.2627408919489334,False,False
2022-07-05,165.075,2022-07-01,147.785,4.0,11.699428223432683,False,False
2022-07-06,171.0,2022-07-05,165.075,1.0,3.5892776010904237,False,False
2022-07-07,183.185,2022-07-06,171.0,1.0,7.1257309941520575,False,False
2022-07-08,175.21,2022-07-07,183.185,1.0,-4.353522395392629,False,False
2022-07-11,164.52,2022-07-08,175.21,3.0,-6.101249928657038,False,False
2022-07-12,172.61,2022-07-11,164.52,1.0,4.917335278385604,False,False
2022-07-13,180.505,2022-07-12,172.61,1.0,4.573894907595144,False,False
2022-07-14,175.035,2022-07-13,180.505,1.0,-3.030386969890031,False,False
2022-07-15,159.565,2022-07-14,175.035,1.0,-8.838232353529296,False,False
2022-07-18,157.26,2022-07-15,159.565,3.0,-1.444552376774355,False,False
2022-07-19,154.455,2022-07-18,157.26,1.0,-1.7836703548263833,False,False
2022-07-20,155.04,2022-07-19,154.455,1.0,0.37875109255121053,False,False
2022-07-21,155.6,2022-07-20,155.04,1.0,0.3611971104231282,False,False
2022-07-22,159.865,2022-07-21,155.6,1.0,2.7410025706940955,False,False
2022-07-25,176.615,2022-07-22,159.865,3.0,10.477590466956489,False,False
2022-07-26,199.92,2022-07-25,176.615,1.0,13.19536845681284,False,False
2022-07-27,205.225,2022-07-26,199.92,1.0,2.653561424569828,False,False
2022-07-28,198.93,2022-07-27,205.225,1.0,-3.067365087099516,False,False
2022-07-29,190.915,2022-07-28,198.93,1.0,-4.0290554466395285,False,False
2022-08-01,200.795,2022-07-29,190.915,3.0,5.175077914255022,False,False
2022-08-02,205.175,2022-08-01,200.795,1.0,2.181329216364958,False,False
2022-08-03,199.195,2022-08-02,205.175,1.0,-2.914585110271728,False,False
2022-08-04,199.25,2022-08-03,199.195,1.0,0.027611134817639993,False,False
2022-08-05,196.32,2022-08-04,199.25,1.0,-1.4705144291091599,False,False
2022-08-08,193.055,2022-08-05,196.32,3.0,-1.6631010594946982,False,False
2022-08-09,192.185,2022-08-08,193.055,1.0,-0.4506487788454083,False,False
2022-08-10,205.365,2022-08-09,192.185,1.0,6.857975388297732,False,False
2022-08-11,208.11,2022-08-10,205.365,1.0,1.336644510992624,False,False
2022-08-12,206.11,2022-08-11,208.11,1.0,-0.9610302244005609,False,False
2022-08-15,220.11,2022-08-12,206.11,3.0,6.792489447382466,False,False
2022-08-16,225.915,2022-08-15,220.11,1.0,2.63731770478397,False,False
2022-08-17,225.835,2022-08-16,225.915,1.0,-0.03541154859127982,False,False
2022-08-18,241.005,2022-08-17,225.835,1.0,6.717293599309215,False,False
2022-08-19,244.55,2022-08-18,241.005,1.0,1.470923839754379,False,False
2022-08-22,276.75,2022-08-19,244.55,3.0,13.167041504804743,False,False
2022-08-23,269.05,2022-08-22,276.75,1.0,-2.7822944896115587,False,False
2022-08-24,292.15,2022-08-23,269.05,1.0,8.585764727745747,False,False
2022-08-25,321.415,2022-08-24,292.15,1.0,10.017114495978108,False,False
2022-08-26,339.195,2022-08-25,321.415,1.0,5.531789119985064,False,False
2022-08-29,272.605,2022-08-26,339.195,3.0,-19.63177523253585,False,False
2022-08-30,252.937,2022-08-29,272.605,1.0,-7.2148346508684735,False,False
2022-08-31,239.905,2022-08-30,252.937,1.0,-5.152271118895224,False,False
2022-09-01,243.005,2022-08-31,239.905,1.0,1.2921781538525634,False,False
2022-09-02,214.665,2022-09-01,243.005,1.0,-11.662311475072528,False,False
2022-09-06,239.84,2022-09-02,214.665,4.0,11.72757552465471,False,False
2022-09-07,213.885,2022-09-06,239.84,1.0,-10.821797865243498,False,False
2022-09-08,220.54,2022-09-07,213.885,1.0,3.1114851438857283,False,False
2022-09-09,207.09,2022-09-08,220.54,1.0,-6.098666908497319,False,False
2022-09-12,190.59,2022-09-09,207.09,3.0,-7.9675503404316945,False,False
2022-09-13,198.61,2022-09-12,190.59,1.0,4.207985728527208,False,False
2022-09-14,217.88,2022-09-13,198.61,1.0,9.702431901716913,False,False
2022-09-15,214.285,2022-09-14,217.88,1.0,-1.6499908206352165,False,False
2022-09-16,187.795,2022-09-15,214.285,1.0,-12.362041206804031,False,False
2022-09-19,182.26,2022-09-16,187.795,3.0,-2.9473628158364185,False,False
2022-09-20,194.26,2022-09-19,182.26,1.0,6.584000877866791,False,False
2022-09-21,189.78,2022-09-20,194.26,1.0,-2.306187583650776,False,False
2022-09-22,187.47,2022-09-21,189.78,1.0,-1.2171988618400298,False,False
2022-09-23,185.495,2022-09-22,187.47,1.0,-1.0535018936363105,False,False
2022-09-26,173.835,2022-09-23,185.495,3.0,-6.285883716542218,False,False
2022-09-27,186.1,2022-09-26,173.835,1.0,7.055541174101876,False,False
2022-09-28,207.185,2022-09-27,186.1,1.0,11.3299301450833,False,False
2022-09-29,187.665,2022-09-28,207.185,1.0,-9.42153148152618,False,False
2022-09-30,188.8,2022-09-29,187.665,1.0,0.6048011083579885,False,False
2022-10-03,169.91,2022-09-30,188.8,3.0,-10.0052966101695,False,False
2022-10-04,161.95,2022-10-03,169.91,1.0,-4.684833146960166,False,False
2022-10-05,173.695,2022-10-04,161.95,1.0,7.25223834516826,False,False
2022-10-06,175.71,2022-10-05,173.695,1.0,1.1600794496099631,False,False
2022-10-07,156.205,2022-10-06,175.71,1.0,-11.100677252290703,False,False
2022-10-10,154.12,2022-10-07,156.205,3.0,-1.3347844179123602,False,False
2022-10-11,156.78,2022-10-10,154.12,1.0,1.725927848429798,False,False
2022-10-12,160.19,2022-10-11,156.78,1.0,2.1750223242760436,False,False
2022-10-13,153.81,2022-10-12,160.19,1.0,-3.982770460078655,False,False
2022-10-14,141.995,2022-10-13,153.81,1.0,-7.681555165463882,False,False
2022-10-17,127.98,2022-10-14,141.995,3.0,-9.870065847388998,False,False
2022-10-18,113.22,2022-10-17,127.98,1.0,-11.533052039381154,False,False
2022-10-19,112.51,2022-10-18,113.22,1.0,-0.6270976859212074,False,False
2022-10-20,127.145,2022-10-19,112.51,1.0,13.007732645987025,False,False
2022-10-21,113.575,2022-10-20,127.145,1.0,-10.67285382830626,False,False
2022-10-24,99.17,2022-10-21,113.575,3.0,-12.683248954435399,False,False
2022-10-25,99.795,2022-10-24,99.17,1.0,0.6302309166078546,False,False
2022-10-26,104.32,2022-10-25,99.795,1.0,4.534295305376013,False,False
2022-10-27,107.385,2022-10-26,104.32,1.0,2.9380751533742533,False,False
2022-10-28,112.244,2022-10-27,107.385,1.0,4.524840527075469,False,False
2022-10-31,123.35,2022-10-28,112.244,3.0,9.894515519760528,False,False
2022-11-01,116.195,2022-10-31,123.35,1.0,-5.800567490879615,False,False
2022-11-02,125.865,2022-11-01,116.195,1.0,8.322216962864148,False,False
2022-11-03,125.445,2022-11-02,125.865,1.0,-0.3336908592539656,False,False
2022-11-04,114.785,2022-11-03,125.445,1.0,-8.49774801705927,False,False
2022-11-07,109.685,2022-11-04,114.785,3.0,-4.443089253822363,False,False
2022-11-08,118.145,2022-11-07,109.685,1.0,7.712996307608155,False,False
2022-11-09,113.145,2022-11-08,118.145,1.0,-4.232087688856911,False,False
2022-11-10,113.45,2022-11-09,113.145,1.0,0.26956560166158106,False,False
2022-11-11,97.855,2022-11-10,113.45,1.0,-13.74614367562803,False,False
2022-11-14,113.705,2022-11-11,97.855,3.0,16.19743498032804,False,False
2022-11-15,124.105,2022-11-14,113.705,1.0,9.146475528780629,False,False
2022-11-16,113.9,2022-11-15,124.105,1.0,-8.222875790661133,False,False
2022-11-17,112.555,2022-11-16,113.9,1.0,-1.1808604038630377,False,False
2022-11-18,115.51,2022-11-17,112.555,1.0,2.6253831460175014,False,False
2022-11-21,116.13,2022-11-18,115.51,3.0,0.5367500649294366,False,False
2022-11-22,119.64,2022-11-21,116.13,1.0,3.0224748127098966,False,False
2022-11-23,129.62,2022-11-22,119.64,1.0,8.341691741892344,False,False
2022-11-25,124.37,2022-11-23,129.62,2.0,-4.050300879493907,False,False
2022-11-28,123.28,2022-11-25,124.37,3.0,-0.8764171423976896,False,False
2022-11-29,132.286,2022-11-28,123.28,1.0,7.3053212199870154,False,False
2022-11-30,146.395,2022-11-29,132.286,1.0,10.665527720242519,False,False
2022-12-01,139.26,2022-11-30,146.395,1.0,-4.873800334710898,False,False
2022-12-02,135.56,2022-12-01,139.26,1.0,-2.656900761166159,False,False
2022-12-05,134.7,2022-12-02,135.56,3.0,-0.6344054293301982,False,False
2022-12-06,138.49,2022-12-05,134.7,1.0,2.813659985152195,False,False
2022-12-07,149.245,2022-12-06,138.49,1.0,7.765903675355612,False,False
2022-12-08,138.895,2022-12-07,149.245,1.0,-6.934905691982973,False,False
2022-12-09,139.115,2022-12-08,138.895,1.0,0.15839303070663835,False,False
2022-12-12,136.59,2022-12-09,139.115,3.0,-1.8150451065665152,False,False
2022-12-13,137.53,2022-12-12,136.59,1.0,0.6881909363789518,False,False
2022-12-14,131.51,2022-12-13,137.53,1.0,-4.37722678688287,False,False
2022-12-15,134.765,2022-12-14,131.51,1.0,2.4750969508022136,False,False
2022-12-16,115.45,2022-12-15,134.765,1.0,-14.332356323971352,False,False
2022-12-19,108.545,2022-12-16,115.45,3.0,-5.9809441316587275,False,False
2022-12-20,105.69,2022-12-19,108.545,1.0,-2.63024552029113,False,False
2022-12-21,97.75,2022-12-20,105.69,1.0,-7.512536663828174,False,False
2022-12-22,91.94,2022-12-21,97.75,1.0,-5.94373401534527,False,False
2022-12-23,82.975,2022-12-22,91.94,1.0,-9.75092451598869,False,False
2022-12-27,80.045,2022-12-23,82.975,4.0,-3.531184091593842,False,False
2022-12-28,81.35,2022-12-27,80.045,1.0,1.6303329377225229,False,False
2022-12-29,83.83,2022-12-28,81.35,1.0,3.048555623847582,False,False
2022-12-30,76.315,2022-12-29,83.83,1.0,-8.964571155910772,False,False
2023-01-03,72.315,2022-12-30,76.315,4.0,-5.241433532071027,False,False
2023-01-04,65.02,2023-01-03,72.315,1.0,-10.087810274493537,False,False
2023-01-05,72.42,2023-01-04,65.02,1.0,11.381113503537389,False,False
2023-01-06,69.535,2023-01-05,72.42,1.0,-3.983706158519751,False,False
2023-01-09,74.3,2023-01-06,69.535,3.0,6.852664125979713,False,False
2023-01-10,70.07,2023-01-09,74.3,1.0,-5.693135935397042,False,False
2023-01-11,65.345,2023-01-10,70.07,1.0,-6.743256743256731,False,False
2023-01-12,66.81,2023-01-11,65.345,1.0,2.241946591169941,False,False
2023-01-13,64.81,2023-01-12,66.81,1.0,-2.993563837748836,False,False
2023-01-17,60.06,2023-01-13,64.81,4.0,-7.329115877179449,False,False
2023-01-18,61.71,2023-01-17,60.06,1.0,2.7472527472527375,False,False
2023-01-19,60.715,2023-01-18,61.71,1.0,-1.612380489385834,False,False
2023-01-20,66.9,2023-01-19,60.715,1.0,10.186938977188497,False,False
2023-01-23,66.0,2023-01-20,66.9,3.0,-1.3452914798206317,False,False
2023-01-24,58.27,2023-01-23,66.0,1.0,-11.712121212121207,False,False
2023-01-25,56.66,2023-01-24,58.27,1.0,-2.7629998283851154,False,False
2023-01-26,54.815,2023-01-25,56.66,1.0,-3.256265442993289,False,False
2023-01-27,55.425,2023-01-26,54.815,1.0,1.1128340782632584,False,False
2023-01-30,55.156,2023-01-27,55.425,3.0,-0.48534055029318957,False,False
2023-01-31,57.35,2023-01-30,55.156,1.0,3.977808397998417,False,False
2023-02-01,59.525,2023-01-31,57.35,1.0,3.7925021795989444,False,False
2023-02-02,57.04,2023-02-01,59.525,1.0,-4.174716505669885,False,False
2023-02-03,57.89,2023-02-02,57.04,1.0,1.4901823281907367,False,False
2023-02-06,58.11,2023-02-03,57.89,3.0,0.3800310934531037,False,False
2023-02-07,55.405,2023-02-06,58.11,1.0,-4.654964722078814,False,False
2023-02-08,53.685,2023-02-07,55.405,1.0,-3.104412959119207,False,False
2023-02-09,52.735,2023-02-08,53.685,1.0,-1.769581819875199,False,False
2023-02-10,53.945,2023-02-09,52.735,1.0,2.2944913245472653,False,False
2023-02-13,51.705,2023-02-10,53.945,3.0,-4.152377421447772,False,False
2023-02-14,52.385,2023-02-13,51.705,1.0,1.3151532733778115,False,False
2023-02-15,54.715,2023-02-14,52.385,1.0,4.447838121599701,False,False
2023-02-16,52.01,2023-02-15,54.715,1.0,-4.9437996892991,False,False
2023-02-17,49.045,2023-02-16,52.01,1.0,-5.700826764083821,False,False
2023-02-21,48.54,2023-02-17,49.045,4.0,-1.0296666326842785,False,False
2023-02-22,50.57,2023-02-21,48.54,1.0,4.182117840955923,False,False
2023-02-23,50.78,2023-02-22,50.57,1.0,0.4152659679651949,False,False
2023-02-24,51.015,2023-02-23,50.78,1.0,0.46278062229223593,False,False
2023-02-27,47.299,2023-02-24,51.015,3.0,-7.284132118004516,False,False
2023-02-28,46.665,2023-02-27,47.299,1.0,-1.3404088881371679,False,False
2023-03-01,47.085,2023-02-28,46.665,1.0,0.9000321440051362,False,False
2023-03-02,46.815,2023-03-01,47.085,1.0,-0.5734310289901345,False,False
2023-03-03,44.98,2023-03-02,46.815,1.0,-3.919683862010037,False,False
2023-03-06,42.15,2023-03-03,44.98,3.0,-6.291685193419294,False,False
2023-03-07,43.37,2023-03-06,42.15,1.0,2.894424673784113,False,False
2023-03-08,42.34,2023-03-07,43.37,1.0,-2.374913534701395,False,False
2023-03-09,43.6,2023-03-08,42.34,1.0,2.9759093056211494,False,False
2023-03-10,52.855,2023-03-09,43.6,1.0,21.22706422018348,False,False
2023-03-13,49.585,2023-03-10,52.855,3.0,-6.1867373001608055,False,False
2023-03-14,44.185,2023-03-13,49.585,1.0,-10.89039023898356,False,False
2023-03-15,42.905,2023-03-14,44.185,1.0,-2.8969107163064445,False,False
2023-03-16,44.34,2023-03-15,42.905,1.0,3.3445985316396643,False,False
2023-03-17,42.855,2023-03-16,44.34,1.0,-3.349120433017605,False,False
2023-03-20,39.325,2023-03-17,42.855,3.0,-8.237078520592679,False,False
2023-03-21,42.4,2023-03-20,39.325,1.0,7.819453273998711,False,False
2023-03-22,39.975,2023-03-21,42.4,1.0,-5.719339622641506,False,False
2023-03-23,43.185,2023-03-22,39.975,1.0,8.030018761726087,False,False
2023-03-24,41.095,2023-03-23,43.185,1.0,-4.8396433946972355,False,False
2023-03-27,42.53,2023-03-24,41.095,3.0,3.491908991361492,False,False
2023-03-28,42.75,2023-03-27,42.53,1.0,0.5172819186456623,False,False
2023-03-29,42.805,2023-03-28,42.75,1.0,0.12865497076022248,False,False
2023-03-30,43.609,2023-03-29,42.805,1.0,1.8782852470505818,False,False
2023-03-31,47.845,2023-03-30,43.609,1.0,9.713591231167861,False,False
2023-04-03,51.365,2023-03-31,47.845,3.0,7.357090605078898,False,False
2023-04-04,46.57,2023-04-03,51.365,1.0,-9.335150394237324,False,False
2023-04-05,44.575,2023-04-04,46.57,1.0,-4.283873738458233,False,False
2023-04-06,43.125,2023-04-05,44.575,1.0,-3.2529444756029258,False,False
2023-04-10,43.125,2023-04-06,43.125,4.0,0.0,False,False
2023-04-11,43.69,2023-04-10,43.125,1.0,1.3101449275362276,False,False
2023-04-12,42.88,2023-04-11,43.69,1.0,-1.8539711604486087,False,False
2023-04-13,42.095,2023-04-12,42.88,1.0,-1.8306902985074758,False,False
2023-04-14,41.15,2023-04-13,42.095,1.0,-2.2449221997862034,False,False
2023-04-17,41.125,2023-04-14,41.15,3.0,-0.06075334143377242,False,False
2023-04-18,42.72,2023-04-17,41.125,1.0,3.878419452887538,False,False
2023-04-19,40.3,2023-04-18,42.72,1.0,-5.664794007490636,False,False
2023-04-20,40.565,2023-04-19,40.3,1.0,0.6575682382133907,False,False
2023-04-21,40.165,2023-04-20,40.565,1.0,-0.986071736718841,False,False
2023-04-24,39.925,2023-04-21,40.165,3.0,-0.5975351674343377,False,False
2023-04-25,39.835,2023-04-24,39.925,1.0,-0.22542266750155138,False,False
2023-04-26,38.55,2023-04-25,39.835,1.0,-3.2258064516129115,False,False
2023-04-27,39.039,2023-04-26,38.55,1.0,1.2684824902723824,False,False
2023-04-28,38.54,2023-04-27,39.039,1.0,-1.27820897051667,False,False
2023-05-01,38.835,2023-04-28,38.54,3.0,0.7654385054488788,False,False
2023-05-02,37.53,2023-05-01,38.835,1.0,-3.360370799536505,False,False
2023-05-03,36.78,2023-05-02,37.53,1.0,-1.9984012789768135,False,False
2023-05-04,35.655,2023-05-03,36.78,1.0,-3.0587275693311544,False,False
2023-05-05,36.575,2023-05-04,35.655,1.0,2.5802832702285894,False,False
2023-05-08,36.875,2023-05-05,36.575,3.0,0.8202323991797655,False,False
2023-05-09,35.95,2023-05-08,36.875,1.0,-2.50847457627118,False,False
2023-05-10,34.995,2023-05-09,35.95,1.0,-2.656467315716282,False,False
2023-05-11,34.995,2023-05-10,34.995,1.0,0.0,False,False
2023-05-12,32.765,2023-05-11,34.995,1.0,-6.372338905557928,False,False
2023-05-15,32.315,2023-05-12,32.765,3.0,-1.3734167556844312,False,False
2023-05-16,31.82,2023-05-15,32.315,1.0,-1.531796379390371,False,False
2023-05-17,31.955,2023-05-16,31.82,1.0,0.42426147077310183,False,False
2023-05-18,29.785,2023-05-17,31.955,1.0,-6.790799561883897,False,False
2023-05-19,30.175,2023-05-18,29.785,1.0,1.3093839180795763,False,False
2023-05-22,29.71,2023-05-19,30.175,3.0,-1.54101077050538,False,False
2023-05-23,29.125,2023-05-22,29.71,1.0,-1.9690339952877833,False,False
2023-05-24,27.785,2023-05-23,29.125,1.0,-4.600858369098715,False,False
2023-05-25,25.45,2023-05-24,27.785,1.0,-8.403815008097892,False,False
2023-05-26,24.52,2023-05-25,25.45,1.0,-3.6542239685658173,False,False
2023-05-30,24.681,2023-05-26,24.52,4.0,0.656606851549757,False,False
2023-05-31,26.85,2023-05-30,24.681,1.0,8.78813662331348,False,False
2023-06-01,23.105,2023-05-31,26.85,1.0,-13.947858472998142,False,False
2023-06-02,23.69,2023-06-01,23.105,1.0,2.5319194979441795,False,False
2023-06-05,28.48,2023-06-02,23.69,3.0,20.219501899535675,False,False
2023-06-06,24.86,2023-06-05,28.48,1.0,-12.71067415730337,False,False
2023-06-07,26.33,2023-06-06,24.86,1.0,5.913113435237327,False,False
2023-06-08,26.945,2023-06-07,26.33,1.0,2.3357387011014197,False,False
2023-06-09,32.05,2023-06-08,26.945,1.0,18.946001113379097,False,False
2023-06-12,31.035,2023-06-09,32.05,3.0,-3.1669266770670723,False,False
2023-06-13,36.05,2023-06-12,31.035,1.0,16.159175124859026,False,False
2023-06-14,38.31,2023-06-13,36.05,1.0,6.269070735090176,False,False
2023-06-15,41.145,2023-06-14,38.31,1.0,7.400156617071252,False,False
2023-06-16,35.01,2023-06-15,41.145,1.0,-14.910681735326293,False,False
2023-06-20,38.71,2023-06-16,35.01,4.0,10.568409025992587,False,False
2023-06-21,36.745,2023-06-20,38.71,1.0,-5.076207698269187,False,False
2023-06-22,34.095,2023-06-21,36.745,1.0,-7.211865559940122,False,False
2023-06-23,32.507,2023-06-22,34.095,1.0,-4.65757442440241,False,False
2023-06-26,31.975,2023-06-23,32.507,3.0,-1.6365705847971146,False,False
2023-06-27,34.505,2023-06-26,31.975,1.0,7.912431587177493,False,False
2023-06-28,34.125,2023-06-27,34.505,1.0,-1.1012896681640405,False,False
2023-06-29,35.18,2023-06-28,34.125,1.0,3.091575091575094,False,False
2023-06-30,37.103,2023-06-29,35.18,1.0,5.466173962478682,False,False
2023-07-03,33.93,2023-06-30,37.103,3.0,-8.551869121095335,False,False
2023-07-05,34.375,2023-07-03,33.93,2.0,1.311523725316821,False,False
2023-07-06,32.35,2023-07-05,34.375,1.0,-5.890909090909091,False,False
2023-07-07,33.478,2023-07-06,32.35,1.0,3.486862442040195,False,False
2023-07-10,30.225,2023-07-07,33.478,3.0,-9.716828962303603,False,False
2023-07-11,29.06,2023-07-10,30.225,1.0,-3.8544251447477307,False,False
2023-07-12,26.64,2023-07-11,29.06,1.0,-8.327598072952503,False,False
2023-07-13,26.605,2023-07-12,26.64,1.0,-0.13138138138137911,False,False
2023-07-14,25.957,2023-07-13,26.605,1.0,-2.4356323999248253,False,False
2023-07-17,25.1,2023-07-14,25.957,3.0,-3.3016142081134126,False,False
2023-07-18,27.07,2023-07-17,25.1,1.0,7.848605577689227,False,False
2023-07-19,26.965,2023-07-18,27.07,1.0,-0.38788326560768027,False,False
2023-07-20,28.02,2023-07-19,26.965,1.0,3.9124791396254466,False,False
2023-07-21,28.164,2023-07-20,28.02,1.0,0.5139186295503251,False,False
2023-07-24,30.555,2023-07-21,28.164,3.0,8.48956114188324,False,False
2023-07-25,32.65,2023-07-24,30.555,1.0,6.856488299787267,False,False
2023-07-26,29.275,2023-07-25,32.65,1.0,-10.336906584992345,False,False
2023-07-27,28.435,2023-07-26,29.275,1.0,-2.869342442356959,False,False
2023-07-28,25.841,2023-07-27,28.435,1.0,-9.122560225074727,False,False
2023-07-31,28.365,2023-07-28,25.841,3.0,9.76742386130567,False,False
2023-08-01,27.125,2023-07-31,28.365,1.0,-4.371584699453546,False,False
2023-08-02,28.74,2023-08-01,27.125,1.0,5.9539170506912376,False,False
2023-08-03,30.475,2023-08-02,28.74,1.0,6.036882393876142,False,False
2023-08-04,28.853,2023-08-03,30.475,1.0,-5.322395406070546,False,False
2023-08-07,30.485,2023-08-04,28.853,3.0,5.6562575815339855,False,False
2023-08-08,31.065,2023-08-07,30.485,1.0,1.902575036903409,False,False
2023-08-09,39.825,2023-08-08,31.065,1.0,28.198937711250615,False,False
2023-08-10,37.055,2023-08-09,39.825,1.0,-6.955430006277474,False,False
2023-08-11,35.3,2023-08-10,37.055,1.0,-4.736202941573342,False,False
2023-08-14,34.435,2023-08-11,35.3,3.0,-2.450424929178452,False,False
2023-08-15,38.815,2023-08-14,34.435,1.0,12.719616669086676,False,False
2023-08-16,37.785,2023-08-15,38.815,1.0,-2.653613293829704,False,False
2023-08-17,36.825,2023-08-16,37.785,1.0,-2.540690750297725,False,False
2023-08-18,36.41,2023-08-17,36.825,1.0,-1.1269517990495803,False,False
2023-08-21,40.78,2023-08-18,36.41,3.0,12.002197198571828,False,False
2023-08-22,42.91,2023-08-21,40.78,1.0,5.223148602255989,False,False
2023-08-23,36.785,2023-08-22,42.91,1.0,-14.274061990212072,False,False
2023-08-24,31.94,2023-08-23,36.785,1.0,-13.17112953649584,False,False
2023-08-25,34.775,2023-08-24,31.94,1.0,8.876017532874126,False,False
2023-08-28,38.415,2023-08-25,34.775,3.0,10.46728971962616,False,False
2023-08-29,35.195,2023-08-28,38.415,1.0,-8.382142392294679,False,False
2023-08-30,35.992,2023-08-29,35.195,1.0,2.26452621110953,False,False
2023-08-31,35.03,2023-08-30,35.992,1.0,-2.6728161813736273,False,False
2023-09-01,35.617,2023-08-31,35.03,1.0,1.6757065372537738,False,False
2023-09-05,34.45,2023-09-01,35.617,4.0,-3.2765252547940493,False,False
2023-09-06,31.075,2023-09-05,34.45,1.0,-9.796806966618298,False,False
2023-09-07,32.755,2023-09-06,31.075,1.0,5.406275140788419,False,False
2023-09-08,34.51,2023-09-07,32.755,1.0,5.357960616699731,False,False
2023-09-11,35.85,2023-09-08,34.51,3.0,3.882932483338175,False,False
2023-09-12,34.7,2023-09-11,35.85,1.0,-3.207810320781024,False,False
2023-09-13,36.815,2023-09-12,34.7,1.0,6.095100864553293,False,False
2023-09-14,35.52,2023-09-13,36.815,1.0,-3.5175879396984744,False,False
2023-09-15,36.485,2023-09-14,35.52,1.0,2.716779279279269,False,False
2023-09-18,34.475,2023-09-15,36.485,3.0,-5.5091133342469405,False,False
2023-09-19,36.78,2023-09-18,34.475,1.0,6.686004350978969,False,False
2023-09-20,37.285,2023-09-19,36.78,1.0,1.3730288200108687,False,False
2023-09-21,39.105,2023-09-20,37.285,1.0,4.881319565508924,False,False
2023-09-22,39.791,2023-09-21,39.105,1.0,1.754251374504534,False,False
2023-09-25,44.44,2023-09-22,39.791,3.0,11.683546530622513,False,False
2023-09-26,40.32,2023-09-25,44.44,1.0,-9.270927092709268,False,False
2023-09-27,39.295,2023-09-26,40.32,1.0,-2.5421626984126977,False,False
2023-09-28,39.736,2023-09-27,39.295,1.0,1.1222801883191025,False,False
2023-09-29,41.859,2023-09-28,39.736,1.0,5.342762230722786,False,False
2023-10-02,39.335,2023-09-29,41.859,3.0,-6.029766597386466,False,False
2023-10-03,36.985,2023-10-02,39.335,1.0,-5.974323121901614,False,False
2023-10-04,38.44,2023-10-03,36.985,1.0,3.9340273083682487,False,False
2023-10-05,36.205,2023-10-04,38.44,1.0,-5.81425598335068,False,False
2023-10-06,38.231,2023-10-05,36.205,1.0,5.595912166827799,False,False
2023-10-09,43.955,2023-10-06,38.231,3.0,14.972143025293594,False,False
2023-10-10,49.455,2023-10-09,43.955,1.0,12.51279717893301,False,False
2023-10-11,46.07,2023-10-10,49.455,1.0,-6.844606207663528,False,False
2023-10-12,53.0,2023-10-11,46.07,1.0,15.042326893857183,False,False
2023-10-13,53.982,2023-10-12,53.0,1.0,1.852830188679233,False,False
2023-10-16,48.465,2023-10-13,53.982,3.0,-10.22007335778592,False,False
2023-10-17,48.895,2023-10-16,48.465,1.0,0.8872382131435153,False,False
2023-10-18,50.835,2023-10-17,48.895,1.0,3.967685857449621,False,False
2023-10-19,50.17,2023-10-18,50.835,1.0,-1.3081538310219298,False,False
2023-10-20,51.112,2023-10-19,50.17,1.0,1.8776161052421747,False,False
2023-10-23,51.275,2023-10-20,51.112,3.0,0.31890749726091183,False,False
2023-10-24,49.265,2023-10-23,51.275,1.0,-3.9200390053632295,False,False
2023-10-25,49.925,2023-10-24,49.265,1.0,1.3396934943672,False,False
2023-10-26,50.81,2023-10-25,49.925,1.0,1.7726589884827337,False,False
2023-10-27,50.53,2023-10-26,50.81,1.0,-0.5510726234993157,False,False
2023-10-30,50.547,2023-10-27,50.53,3.0,0.03364338017017854,False,False
2023-10-31,48.005,2023-10-30,50.547,1.0,-5.0289829267810005,False,False
2023-11-01,47.755,2023-10-31,48.005,1.0,-0.5207790855119243,False,False
2023-11-02,48.565,2023-11-01,47.755,1.0,1.6961574704219329,False,False
2023-11-03,48.057,2023-11-02,48.565,1.0,-1.0460207968701618,False,False
2023-11-06,44.83,2023-11-03,48.057,3.0,-6.714942672243385,False,False
2023-11-07,46.055,2023-11-06,44.83,1.0,2.7325451706446513,False,False
2023-11-08,45.775,2023-11-07,46.055,1.0,-0.6079687330365902,False,False
2023-11-09,48.13,2023-11-08,45.775,1.0,5.144729655925739,False,False
2023-11-10,46.63,2023-11-09,48.13,1.0,-3.1165593185123575,False,False
2023-11-13,47.875,2023-11-10,46.63,3.0,2.66995496461504,False,False
2023-11-14,47.61,2023-11-13,47.875,1.0,-0.553524804177552,False,False
2023-11-15,47.035,2023-11-14,47.61,1.0,-1.2077294685990392,False,False
2023-11-16,45.85,2023-11-15,47.035,1.0,-2.5194004464760167,False,False
2023-11-17,45.064,2023-11-16,45.85,1.0,-1.7142857142857126,False,False
2023-11-20,45.82,2023-11-17,45.064,3.0,1.6776140600035516,False,False
2023-11-21,44.065,2023-11-20,45.82,1.0,-3.830205150589272,False,False
2023-11-22,44.615,2023-11-21,44.065,1.0,1.2481561329853674,False,False
2023-11-24,46.655,2023-11-22,44.615,2.0,4.572453210803529,False,False
2023-11-27,43.985,2023-11-24,46.655,3.0,-5.722859286250137,False,False
2023-11-28,42.775,2023-11-27,43.985,1.0,-2.7509378197112633,False,False
2023-11-29,40.36,2023-11-28,42.775,1.0,-5.645821157218,False,False
2023-11-30,42.09,2023-11-29,40.36,1.0,4.286422200198237,False,False
2023-12-01,43.496,2023-11-30,42.09,1.0,3.340460917082444,False,False
2023-12-04,40.105,2023-12-01,43.496,3.0,-7.796119183373196,False,False
2023-12-05,38.135,2023-12-04,40.105,1.0,-4.912105722478488,False,False
2023-12-06,39.315,2023-12-05,38.135,1.0,3.0942703553166417,False,False
2023-12-07,39.97,2023-12-06,39.315,1.0,1.6660307770571148,False,False
2023-12-08,38.6,2023-12-07,39.97,1.0,-3.427570678008496,False,False
2023-12-11,36.12,2023-12-08,38.6,3.0,-6.424870466321253,False,False
2023-12-12,34.705,2023-12-11,36.12,1.0,-3.9174972314507173,False,False
2023-12-13,35.81,2023-12-12,34.705,1.0,3.1839792537098566,False,False
2023-12-14,34.85,2023-12-13,35.81,1.0,-2.680815414688642,False,False
2023-12-15,33.19,2023-12-14,34.85,1.0,-4.763271162123395,False,False
2023-12-18,35.52,2023-12-15,33.19,3.0,7.020186803254003,False,False
2023-12-19,32.57,2023-12-18,35.52,1.0,-8.305180180180184,False,False
2023-12-20,33.52,2023-12-19,32.57,1.0,2.916794596254224,False,False
2023-12-21,34.205,2023-12-20,33.52,1.0,2.0435560859188406,False,False
2023-12-22,34.174,2023-12-21,34.205,1.0,-0.09063002485016902,False,False
2023-12-26,34.175,2023-12-22,34.174,4.0,0.002926201205588619,False,False
2023-12-27,35.515,2023-12-26,34.175,1.0,3.9209948792977345,False,False
2023-12-28,33.105,2023-12-27,35.515,1.0,-6.785865127410961,False,False
2023-12-29,32.35,2023-12-28,33.105,1.0,-2.2806222624981,False,False
2024-01-02,30.57,2023-12-29,32.35,4.0,-5.502318392581151,False,False
2024-01-03,32.795,2024-01-02,30.57,1.0,7.278377494275445,False,False
2024-01-04,33.41,2024-01-03,32.795,1.0,1.8752858667479666,False,False
2024-01-05,34.55,2024-01-04,33.41,1.0,3.412152050284356,False,False
2024-01-08,31.58,2024-01-05,34.55,3.0,-8.59623733719247,False,False
2024-01-09,30.64,2024-01-08,31.58,1.0,-2.9765674477517323,False,False
2024-01-10,30.94,2024-01-09,30.64,1.0,0.9791122715404832,False,False
2024-01-11,30.815,2024-01-10,30.94,1.0,-0.404007756948932,False,False
2024-01-12,31.99,2024-01-11,30.815,1.0,3.81307804640596,False,False
2024-01-16,29.655,2024-01-12,31.99,4.0,-7.299155986245697,False,False
2024-01-17,27.71,2024-01-16,29.655,1.0,-6.558759062552689,False,False
2024-01-18,27.895,2024-01-17,27.71,1.0,0.6676290147960895,False,False
2024-01-19,28.429,2024-01-18,27.895,1.0,1.9143215630041288,False,False
2024-01-22,27.265,2024-01-19,28.429,3.0,-4.09441063702557,False,False
2024-01-23,27.225,2024-01-22,27.265,1.0,-0.14670823399962618,False,False
2024-01-24,28.93,2024-01-23,27.225,1.0,6.2626262626262585,False,False
2024-01-25,27.785,2024-01-24,28.93,1.0,-3.9578292430003437,False,False
2024-01-26,28.079,2024-01-25,27.785,1.0,1.0581248875292548,False,False
2024-01-29,28.175,2024-01-26,28.079,3.0,0.3418925175397991,False,False
2024-01-30,29.391,2024-01-29,28.175,1.0,4.315882874889088,False,False
2024-01-31,30.235,2024-01-30,29.391,1.0,2.871627368922458,False,False
2024-02-01,28.99,2024-01-31,30.235,1.0,-4.117744336034401,False,False
2024-02-02,29.305,2024-02-01,28.99,1.0,1.0865815798551282,False,False
2024-02-05,28.34,2024-02-02,29.305,3.0,-3.2929534209179323,False,False
2024-02-06,28.605,2024-02-05,28.34,1.0,0.9350741002117191,False,False
2024-02-07,28.185,2024-02-06,28.605,1.0,-1.4682747771368687,False,False
2024-02-08,27.81,2024-02-07,28.185,1.0,-1.3304949441192093,False,False
2024-02-09,27.115,2024-02-08,27.81,1.0,-2.4991010427903637,False,False
2024-02-12,25.73,2024-02-09,27.115,3.0,-5.10787387055135,False,False
2024-02-13,25.435,2024-02-12,25.73,1.0,-1.1465215701515818,False,False
2024-02-14,24.855,2024-02-13,25.435,1.0,-2.280322390406908,False,False
2024-02-15,24.965,2024-02-14,24.855,1.0,0.44256688795010213,False,False
2024-02-16,24.82,2024-02-15,24.965,1.0,-0.5808131383937543,False,False
2024-02-20,24.17,2024-02-16,24.82,4.0,-2.6188557614826746,False,False
2024-02-21,23.975,2024-02-20,24.17,1.0,-0.8067852709971013,False,False
2024-02-22,23.195,2024-02-21,23.975,1.0,-3.253388946819613,False,False
2024-02-23,22.934,2024-02-22,23.195,1.0,-1.1252425091614504,False,False
2024-02-26,24.01,2024-02-23,22.934,3.0,4.6917240777884395,False,False
2024-02-27,24.39,2024-02-26,24.01,1.0,1.5826738858808698,False,False
2024-02-28,25.619,2024-02-27,24.39,1.0,5.038950389503882,False,False
2024-02-29,24.865,2024-02-28,25.619,1.0,-2.9431281470783444,False,False
2024-03-01,25.809,2024-02-29,24.865,1.0,3.796501105972272,False,False
2024-03-04,26.885,2024-03-01,25.809,3.0,4.169088302530133,False,False
2024-03-05,27.47,2024-03-04,26.885,1.0,2.17593453598659,False,False
2024-03-06,26.57,2024-03-05,27.47,1.0,-3.2763014197306095,False,False
2024-03-07,25.99,2024-03-06,26.57,1.0,-2.182913059841929,False,False
2024-03-08,26.39,2024-03-07,25.99,1.0,1.539053482108521,False,False
2024-03-11,24.93,2024-03-08,26.39,3.0,-5.5323986358469135,False,False
2024-03-12,24.775,2024-03-11,24.93,1.0,-0.621740874448462,False,False
2024-03-13,24.905,2024-03-12,24.775,1.0,0.524722502522712,False,False
2024-03-14,26.05,2024-03-13,24.905,1.0,4.597470387472402,False,False
2024-03-15,27.026,2024-03-14,26.05,1.0,3.7466410748560497,False,False
2024-03-18,28.82,2024-03-15,27.026,3.0,6.638052245985349,False,False
2024-03-19,28.865,2024-03-18,28.82,1.0,0.1561415683553058,False,False
2024-03-20,27.74,2024-03-19,28.865,1.0,-3.8974536636064427,False,False
2024-03-21,26.4,2024-03-20,27.74,1.0,-4.8305695746214905,False,False
2024-03-22,27.776,2024-03-21,26.4,1.0,5.2121212121212235,False,False
2024-03-25,28.49,2024-03-22,27.776,3.0,2.570564516129026,False,False
2024-03-26,27.13,2024-03-25,28.49,1.0,-4.773604773604767,False,False
2024-03-27,27.687,2024-03-26,27.13,1.0,2.053077773682288,False,False
2024-03-28,27.34,2024-03-27,27.687,1.0,-1.2532957705782555,False,False
2024-04-01,27.34,2024-03-28,27.34,4.0,0.0,False,False
2024-04-02,26.205,2024-04-01,27.34,1.0,-4.1514264813460215,False,False
2024-04-03,25.565,2024-04-02,26.205,1.0,-2.442282007250518,False,False
2024-04-04,26.205,2024-04-03,25.565,1.0,2.503422648151754,False,False
2024-04-05,26.605,2024-04-04,26.205,1.0,1.5264262545315876,False,False
2024-04-08,27.91,2024-04-05,26.605,3.0,4.905093027626384,False,False
2024-04-09,27.35,2024-04-08,27.91,1.0,-2.0064493013256857,False,False
2024-04-10,27.1,2024-04-09,27.35,1.0,-0.9140767824497242,False,False
2024-04-11,29.375,2024-04-10,27.1,1.0,8.394833948339485,False,False
2024-04-12,30.732,2024-04-11,29.375,1.0,4.619574468085097,False,False
2024-04-15,31.145,2024-04-12,30.732,3.0,1.343876090068985,False,False
2024-04-16,33.14,2024-04-15,31.145,1.0,6.405522555787457,False,False
2024-04-17,31.29,2024-04-16,33.14,1.0,-5.582377791188897,False,False
2024-04-18,32.31,2024-04-17,31.29,1.0,3.259827420901251,False,False
2024-04-19,30.758,2024-04-18,32.31,1.0,-4.803466419065316,False,False
2024-04-22,29.31,2024-04-19,30.758,3.0,-4.707718317185772,False,False
2024-04-23,28.415,2024-04-22,29.31,1.0,-3.05356533606278,False,False
2024-04-24,29.02,2024-04-23,28.415,1.0,2.129157135315851,False,False
2024-04-25,29.77,2024-04-24,29.02,1.0,2.5844245348035866,False,False
2024-04-26,28.885,2024-04-25,29.77,1.0,-2.9727914007389944,False,False
2024-04-29,27.994,2024-04-26,28.885,3.0,-3.0846460100398154,False,False
2024-04-30,29.12,2024-04-29,27.994,1.0,4.022290490819458,False,False
2024-05-01,28.73,2024-04-30,29.12,1.0,-1.3392857142857206,False,False
2024-05-02,30.915,2024-05-01,28.73,1.0,7.605290636964845,False,False
2024-05-03,30.53,2024-05-02,30.915,1.0,-1.2453501536470957,False,False
2024-05-06,31.8,2024-05-03,30.53,3.0,4.159842777595801,False,False
2024-05-07,31.065,2024-05-06,31.8,1.0,-2.3113207547169834,False,False
2024-05-08,30.61,2024-05-07,31.065,1.0,-1.4646708514405304,False,False
2024-05-09,30.865,2024-05-08,30.61,1.0,0.8330610911466918,False,False
2024-05-10,30.03,2024-05-09,30.865,1.0,-2.7053296614287903,False,False
2024-05-13,29.58,2024-05-10,30.03,3.0,-1.4985014985015033,False,False
2024-05-14,29.67,2024-05-13,29.58,1.0,0.30425963488844854,False,False
2024-05-15,29.735,2024-05-14,29.67,1.0,0.21907650825749858,False,False
2024-05-16,30.25,2024-05-15,29.735,1.0,1.7319656969900787,False,False
2024-05-17,30.769,2024-05-16,30.25,1.0,1.715702479338832,False,False
2024-05-20,31.77,2024-05-17,30.769,3.0,3.253274399558004,False,False
2024-05-21,33.005,2024-05-20,31.77,1.0,3.887315077116793,False,False
2024-05-22,34.39,2024-05-21,33.005,1.0,4.196333888804715,False,False
2024-05-23,35.23,2024-05-22,34.39,1.0,2.4425705146844834,False,False
2024-05-24,34.115,2024-05-23,35.23,1.0,-3.164916264547246,False,False
2024-05-28,33.535,2024-05-24,34.115,4.0,-1.7001319067858844,False,False
2024-05-29,33.88,2024-05-28,33.535,1.0,1.0287759057701074,False,False
2024-05-30,35.192,2024-05-29,33.88,1.0,3.872491145218415,False,False
2024-05-31,34.223,2024-05-30,35.192,1.0,-2.753466696976592,False,False
2024-06-03,36.015,2024-05-31,34.223,3.0,5.236244630803855,False,False
2024-06-04,33.795,2024-06-03,36.015,1.0,-6.164098292378172,False,False
2024-06-05,33.355,2024-06-04,33.795,1.0,-1.3019677467081103,False,False
2024-06-06,33.685,2024-06-05,33.355,1.0,0.9893569180033035,False,False
2024-06-07,33.109,2024-06-06,33.685,1.0,-1.709959922814308,False,False
2024-06-10,34.26,2024-06-07,33.109,3.0,3.4763961460629877,False,False
2024-06-11,34.285,2024-06-10,34.26,1.0,0.07297139521307283,False,False
2024-06-12,35.295,2024-06-11,34.285,1.0,2.945894706139729,False,False
2024-06-13,35.725,2024-06-12,35.295,1.0,1.2183028757614345,False,False
2024-06-14,35.36,2024-06-13,35.725,1.0,-1.0216934919524245,False,False
2024-06-17,34.21,2024-06-14,35.36,3.0,-3.2522624434389136,False,False
2024-06-18,34.7,2024-06-17,34.21,1.0,1.4323297281496616,False,False
2024-06-20,34.465,2024-06-18,34.7,2.0,-0.6772334293948079,False,False
2024-06-21,33.936,2024-06-20,34.465,1.0,-1.5348904685913323,False,False
2024-06-24,34.08,2024-06-21,33.936,3.0,0.4243281471004279,False,False
2024-06-25,34.855,2024-06-24,34.08,1.0,2.27406103286385,False,False
2024-06-26,33.825,2024-06-25,34.855,1.0,-2.9550996987519507,False,False
2024-06-27,34.565,2024-06-26,33.825,1.0,2.1877309682187596,False,False
2024-06-28,34.48,2024-06-27,34.565,1.0,-0.24591349631130077,False,False
2024-07-01,33.485,2024-06-28,34.48,3.0,-2.8857308584686714,False,False
2024-07-02,33.685,2024-07-01,33.485,1.0,0.597282365238172,False,False
2024-07-03,32.69,2024-07-02,33.685,1.0,-2.9538370194448715,False,False
2024-07-05,33.065,2024-07-03,32.69,2.0,1.1471397981033915,False,False
2024-07-08,32.285,2024-07-05,33.065,3.0,-2.3589898684409527,False,False
2024-07-09,31.335,2024-07-08,32.285,1.0,-2.942542976614515,False,False
2024-07-10,30.785,2024-07-09,31.335,1.0,-1.7552257858624576,False,False
2024-07-11,31.11,2024-07-10,30.785,1.0,1.0557089491635585,False,False
2024-07-12,31.72,2024-07-11,31.11,1.0,1.9607843137254832,False,False
2024-07-15,31.37,2024-07-12,31.72,3.0,-1.1034047919293744,False,False
2024-07-16,32.795,2024-07-15,31.37,1.0,4.542556582722357,False,False
2024-07-17,31.895,2024-07-16,32.795,1.0,-2.7443207806068015,False,False
2024-07-18,32.675,2024-07-17,31.895,1.0,2.445524376861563,False,False
2024-07-19,32.17,2024-07-18,32.675,1.0,-1.545524100994633,False,False
2024-07-22,31.84,2024-07-19,32.17,3.0,-1.0258004351880734,False,False
2024-07-23,31.62,2024-07-22,31.84,1.0,-0.6909547738693456,False,False
2024-07-24,32.62,2024-07-23,31.62,1.0,3.1625553447185206,False,False
2024-07-25,31.78,2024-07-24,32.62,1.0,-2.5751072961373245,False,False
2024-07-26,32.475,2024-07-25,31.78,1.0,2.1869100062932745,False,False
2024-07-29,33.875,2024-07-26,32.475,3.0,4.311008468052346,False,False
2024-07-30,34.361,2024-07-29,33.875,1.0,1.4346863468634563,False,False
2024-07-31,35.87,2024-07-30,34.361,1.0,4.391606763481848,False,False
2024-08-01,36.97,2024-07-31,35.87,1.0,3.066629495400064,False,False
2024-08-02,36.65,2024-08-01,36.97,1.0,-0.8655666756829827,False,False
2024-08-05,35.5,2024-08-02,36.65,3.0,-3.137789904502042,False,False
2024-08-06,36.675,2024-08-05,35.5,1.0,3.309859154929562,False,False
2024-08-07,38.45,2024-08-06,36.675,1.0,4.839809134287676,False,False
2024-08-08,40.095,2024-08-07,38.45,1.0,4.278283485045509,False,False
2024-08-09,40.395,2024-08-08,40.095,1.0,0.7482229704452115,False,False
2024-08-12,39.66,2024-08-09,40.395,3.0,-1.8195321203119397,False,False
2024-08-13,39.48,2024-08-12,39.66,1.0,-0.45385779122542047,False,False
2024-08-14,38.965,2024-08-13,39.48,1.0,-1.3044579533941114,False,False
2024-08-15,39.6,2024-08-14,38.965,1.0,1.6296676504555352,False,False
2024-08-16,39.645,2024-08-15,39.6,1.0,0.11363636363637131,False,False
2024-08-19,39.845,2024-08-16,39.645,3.0,0.5044772354647398,False,False
2024-08-20,37.955,2024-08-19,39.845,1.0,-4.74338059982432,False,False
2024-08-21,37.01,2024-08-20,37.955,1.0,-2.4897905414306476,False,False
2024-08-22,36.585,2024-08-21,37.01,1.0,-1.1483382869494685,False,False
2024-08-23,36.865,2024-08-22,36.585,1.0,0.7653409867432126,False,False
2024-08-26,37.655,2024-08-23,36.865,3.0,2.142954021429544,False,False
2024-08-27,38.69,2024-08-26,37.655,1.0,2.7486389589695737,False,False
2024-08-28,38.52,2024-08-27,38.69,1.0,-0.43939002326180976,False,False
2024-08-29,38.601,2024-08-28,38.52,1.0,0.21028037383177267,False,False
2024-08-30,39.825,2024-08-29,38.601,1.0,3.170902308230361,False,False
2024-09-03,37.195,2024-08-30,39.825,4.0,-6.60389202762085,False,False
2024-09-04,35.8,2024-09-03,37.195,1.0,-3.750504100013452,False,False
2024-09-05,36.195,2024-09-04,35.8,1.0,1.1033519553072635,False,False
2024-09-06,36.48,2024-09-05,36.195,1.0,0.7874015748031482,False,False
2024-09-09,37.335,2024-09-06,36.48,3.0,2.343750000000022,False,False
2024-09-10,35.28,2024-09-09,37.335,1.0,-5.5042185616713475,False,False
2024-09-11,36.14,2024-09-10,35.28,1.0,2.43764172335601,False,False
2024-09-12,35.19,2024-09-11,36.14,1.0,-2.6286662977310526,False,False
2024-09-13,35.648,2024-09-12,35.19,1.0,1.3015061096902647,False,False
2024-09-16,34.081,2024-09-13,35.648,3.0,-4.395758527827653,False,False
2024-09-17,35.547,2024-09-16,34.081,1.0,4.301516974267172,False,False
2024-09-18,35.245,2024-09-17,35.547,1.0,-0.8495794300503512,False,False
2024-09-19,33.083,2024-09-18,35.245,1.0,-6.1342034331110735,False,False
2024-09-20,34.444,2024-09-19,33.083,1.0,4.113895354109376,False,False
2024-09-23,36.211,2024-09-20,34.444,3.0,5.130066194402505,False,False
2024-09-24,35.413,2024-09-23,36.211,1.0,-2.2037502416392907,False,False
2024-09-25,37.319,2024-09-24,35.413,1.0,5.382204275266167,False,False
2024-09-26,37.89,2024-09-25,37.319,1.0,1.530051716283931,False,False
2024-09-27,38.114,2024-09-26,37.89,1.0,0.5911850092372495,False,False
2024-09-30,39.044,2024-09-27,38.114,3.0,2.4400482762239495,False,False
2024-10-01,39.273,2024-09-30,39.044,1.0,0.5865177748181738,False,False
2024-10-02,38.617,2024-10-01,39.273,1.0,-1.6703587706566991,False,False
2024-10-03,39.912,2024-10-02,38.617,1.0,3.3534453737991132,False,False
2024-10-04,40.98,2024-10-03,39.912,1.0,2.6758869512928385,False,False
2024-10-07,40.244,2024-10-04,40.98,3.0,-1.7959980478282067,False,False
2024-10-08,38.919,2024-10-07,40.244,1.0,-3.2924162608090723,False,False
2024-10-09,38.341,2024-10-08,38.919,1.0,-1.485135794855974,False,False
2024-10-10,40.293,2024-10-09,38.341,1.0,5.0911556819071,False,False
2024-10-11,39.879,2024-10-10,40.293,1.0,-1.0274737547464885,False,False
2024-10-14,40.559,2024-10-11,39.879,3.0,1.705158103262372,False,False
2024-10-15,39.973,2024-10-14,40.559,1.0,-1.4448087970610701,False,False
2024-10-16,39.241,2024-10-15,39.973,1.0,-1.8312360843569353,False,False
2024-10-17,39.65,2024-10-16,39.241,1.0,1.0422772100608935,False,False
2024-10-18,39.204,2024-10-17,39.65,1.0,-1.1248423707440058,False,False
2024-10-21,40.024,2024-10-18,39.204,3.0,2.0916233037445275,False,False
2024-10-22,40.704,2024-10-21,40.024,1.0,1.6989806116330275,False,False
2024-10-23,41.38,2024-10-22,40.704,1.0,1.6607704402515688,False,False
2024-10-24,42.154,2024-10-23,41.38,1.0,1.8704688255195778,False,False
2024-10-25,43.513,2024-10-24,42.154,1.0,3.223893343454942,False,False
2024-10-28,42.519,2024-10-25,43.513,3.0,-2.2843747845471496,False,False
2024-10-29,42.869,2024-10-28,42.519,1.0,0.8231614101930962,False,False
2024-10-30,40.903,2024-10-29,42.869,1.0,-4.586064522148869,False,False
2024-10-31,40.588,2024-10-30,40.903,1.0,-0.7701146615162635,False,False
2024-11-01,39.175,2024-10-31,40.588,1.0,-3.481324529417573,False,False
2024-11-04,40.301,2024-11-01,39.175,3.0,2.8742820676451952,False,False
2024-11-05,40.492,2024-11-04,40.301,1.0,0.4739336492890933,False,False
2024-11-06,40.388,2024-11-05,40.492,1.0,-0.2568408574533221,False,False
2024-11-07,41.276,2024-11-06,40.388,1.0,2.198672873130647,False,False
2024-11-08,42.409,2024-11-07,41.276,1.0,2.7449365248570556,False,False
2024-11-11,43.728,2024-11-08,42.409,3.0,3.1101888750029616,False,False
2024-11-12,44.255,2024-11-11,43.728,1.0,1.2051774606659293,False,False
2024-11-13,43.666,2024-11-12,44.255,1.0,-1.3309230595413113,False,False
2024-11-14,46.224,2024-11-13,43.666,1.0,5.858104703888611,False,False
2024-11-15,46.551,2024-11-14,46.224,1.0,0.7074247144340795,False,False
2024-11-18,46.9,2024-11-15,46.551,3.0,0.7497153659427269,False,False
2024-11-19,45.668,2024-11-18,46.9,1.0,-2.626865671641787,False,False
2024-11-20,46.796,2024-11-19,45.668,1.0,2.4700008758868464,False,False
2024-11-21,48.303,2024-11-20,46.796,1.0,3.220360714590975,False,False
2024-11-22,47.018,2024-11-21,48.303,1.0,-2.6602902511231097,False,False
2024-11-25,47.733,2024-11-22,47.018,3.0,1.5206942022204073,False,False
2024-11-26,47.216,2024-11-25,47.733,1.0,-1.0831081222634098,False,False
2024-11-27,46.762,2024-11-26,47.216,1.0,-0.9615384615384581,False,False
2024-11-29,47.811,2024-11-27,46.762,2.0,2.243274453616184,False,False
2024-12-02,48.655,2024-11-29,47.811,3.0,1.7652841396331498,False,False
2024-12-03,48.557,2024-12-02,48.655,1.0,-0.2014181481862054,False,False
2024-12-04,47.046,2024-12-03,48.557,1.0,-3.1118067425911833,False,False
2024-12-05,46.551,2024-12-04,47.046,1.0,-1.0521617140670791,False,False
2024-12-06,46.48,2024-12-05,46.551,1.0,-0.15252089106572164,False,False
2024-12-09,44.855,2024-12-06,46.48,3.0,-3.496127366609292,False,False
2024-12-10,45.552,2024-12-09,44.855,1.0,1.5538958867461927,False,False
2024-12-11,44.694,2024-12-10,45.552,1.0,-1.8835616438356073,False,False
2024-12-12,42.804,2024-12-11,44.694,1.0,-4.22875553765606,False,False
2024-12-13,41.215,2024-12-12,42.804,1.0,-3.7122698813194965,False,False
2024-12-16,40.277,2024-12-13,41.215,3.0,-2.2758704355210546,False,False
2024-12-17,42.065,2024-12-16,40.277,1.0,4.439258137398516,False,False
2024-12-18,41.007,2024-12-17,42.065,1.0,-2.515155117080703,False,False
2024-12-19,43.078,2024-12-18,41.007,1.0,5.050357256078253,False,False
2024-12-20,44.13,2024-12-19,43.078,1.0,2.442081805097729,False,False
2024-12-23,45.545,2024-12-20,44.13,3.0,3.2064355313845327,False,False
2024-12-24,45.731,2024-12-23,45.545,1.0,0.40838730925458755,False,False
2024-12-26,45.731,2024-12-24,45.731,2.0,0.0,False,False
2024-12-27,47.731,2024-12-26,45.731,1.0,4.3734009752684155,False,False
2024-12-30,47.633,2024-12-27,47.731,3.0,-0.2053172990299834,False,False
2024-12-31,48.889,2024-12-30,47.633,1.0,2.636827409568987,False,False
2025-01-02,50.273,2024-12-31,48.889,2.0,2.8309026570394247,False,False
2025-01-03,49.622,2025-01-02,50.273,1.0,-1.2949296839257718,False,False
2025-01-06,47.326,2025-01-03,49.622,3.0,-4.626979968562328,False,False
2025-01-07,47.474,2025-01-06,47.326,1.0,0.3127245066136819,False,False
2025-01-08,45.559,2025-01-07,47.474,1.0,-4.033786914942916,False,False
2025-01-09,44.987,2025-01-08,45.559,1.0,-1.255514826927706,False,False
2025-01-10,45.008,2025-01-09,44.987,1.0,0.04668015204392084,False,False
2025-01-13,48.261,2025-01-10,45.008,3.0,7.227603981514408,False,False
2025-01-14,46.947,2025-01-13,48.261,1.0,-2.722695344066639,False,False
2025-01-15,47.006,2025-01-14,46.947,1.0,0.12567363196795966,False,False
2025-01-16,46.241,2025-01-15,47.006,1.0,-1.627451814661962,False,False
2025-01-17,46.887,2025-01-16,46.241,1.0,1.3970286109729502,False,False
2025-01-21,50.027,2025-01-17,46.887,4.0,6.696952246891463,False,False
2025-01-22,48.716,2025-01-21,50.027,1.0,-2.6205848841625468,False,False
2025-01-23,49.123,2025-01-22,48.716,1.0,0.835454470810415,False,False
2025-01-24,49.702,2025-01-23,49.123,1.0,1.1786739409238134,False,False
2025-01-27,47.862,2025-01-24,49.702,3.0,-3.7020643032473433,False,False
2025-01-28,48.224,2025-01-27,47.862,1.0,0.7563411474656112,False,False
2025-01-29,51.156,2025-01-28,48.224,1.0,6.0799601857996155,False,False
2025-01-30,51.726,2025-01-29,51.156,1.0,1.1142387989678593,False,False
2025-01-31,53.237,2025-01-30,51.726,1.0,2.9211615048524875,False,False
2025-02-03,53.794,2025-01-31,53.237,3.0,1.0462648158235721,False,False
2025-02-04,52.048,2025-02-03,53.794,1.0,-3.245715135516958,False,False
2025-02-05,53.438,2025-02-04,52.048,1.0,2.6706117430064458,False,False
2025-02-06,54.502,2025-02-05,53.438,1.0,1.9910924810060182,False,False
2025-02-07,55.723,2025-02-06,54.502,1.0,2.2402847601922904,False,False
2025-02-10,58.039,2025-02-07,55.723,3.0,4.156272993198495,False,False
2025-02-11,57.766,2025-02-10,58.039,1.0,-0.47037336963077214,False,False
2025-02-12,55.661,2025-02-11,57.766,1.0,-3.6440120486099015,False,False
2025-02-13,51.383,2025-02-12,55.661,1.0,-7.685812328201069,False,False
2025-02-14,50.685,2025-02-13,51.383,1.0,-1.3584259385399866,False,False
2025-02-18,49.215,2025-02-14,50.685,4.0,-2.9002663509914206,False,False
2025-02-19,48.264,2025-02-18,49.215,1.0,-1.9323377019201504,False,False
2025-02-20,47.494,2025-02-19,48.264,1.0,-1.595392010608332,False,False
2025-02-21,47.195,2025-02-20,47.494,1.0,-0.6295532067208454,False,False
2025-02-24,47.144,2025-02-21,47.195,3.0,-0.10806229473461215,False,False
2025-02-25,44.291,2025-02-24,47.144,1.0,-6.051671474630926,False,False
2025-02-26,41.336,2025-02-25,44.291,1.0,-6.67178433541803,False,False
2025-02-27,44.93,2025-02-26,41.336,1.0,8.694600348364624,False,False
2025-02-28,44.32,2025-02-27,44.93,1.0,-1.357667482750946,False,False
2025-03-03,45.213,2025-02-28,44.32,3.0,2.014891696750909,False,False
2025-03-04,43.464,2025-03-03,45.213,1.0,-3.8683564461548747,False,False
2025-03-05,41.508,2025-03-04,43.464,1.0,-4.500276090557698,False,False
2025-03-06,38.24,2025-03-05,41.508,1.0,-7.873181073527991,False,False
2025-03-07,39.971,2025-03-06,38.24,1.0,4.526673640167345,False,False
2025-03-10,41.232,2025-03-07,39.971,3.0,3.1547872207350336,False,False
2025-03-11,42.71,2025-03-10,41.232,1.0,3.5845944897167303,False,False
2025-03-12,42.254,2025-03-11,42.71,1.0,-1.067665652072125,False,False
2025-03-13,42.076,2025-03-12,42.254,1.0,-0.42126189236521006,False,False
2025-03-14,42.29,2025-03-13,42.076,1.0,0.5086034794181904,False,False
2025-03-17,41.248,2025-03-14,42.29,3.0,-2.463939465594711,False,False
2025-03-18,40.755,2025-03-17,41.248,1.0,-1.1952094647013078,False,False
2025-03-19,43.355,2025-03-18,40.755,1.0,6.3795853269537295,False,False
2025-03-20,42.855,2025-03-19,43.355,1.0,-1.1532695190866082,False,False
2025-03-21,42.605,2025-03-20,42.855,1.0,-0.5833625014584065,False,False
2025-03-24,42.748,2025-03-21,42.605,3.0,0.3356413566482752,False,False
2025-03-25,41.555,2025-03-24,42.748,1.0,-2.7907738373725066,False,False
2025-03-26,40.87,2025-03-25,41.555,1.0,-1.6484177595957217,False,False
2025-03-27,41.202,2025-03-26,40.87,1.0,0.8123317837044342,False,False
2025-03-28,40.587,2025-03-27,41.202,1.0,-1.492645988058816,False,False
2025-03-31,40.667,2025-03-28,40.587,3.0,0.19710744819769754,False,False
2025-04-01,42.45,2025-03-31,40.667,1.0,4.384390291882867,False,False
2025-04-02,41.263,2025-04-01,42.45,1.0,-2.7962308598351138,False,False
2025-04-03,39.203,2025-04-02,41.263,1.0,-4.9923660422169895,False,False
2025-04-04,36.401,2025-04-03,39.203,1.0,-7.147412187842761,False,False
2025-04-07,37.0,2025-04-04,36.401,3.0,1.6455591879343867,False,False
2025-04-08,36.231,2025-04-07,37.0,1.0,-2.078378378378376,False,False
2025-04-09,33.666,2025-04-08,36.231,1.0,-7.079572741574902,False,False
2025-04-10,33.293,2025-04-09,33.666,1.0,-1.1079427315392354,False,False
2025-04-11,33.463,2025-04-10,33.293,1.0,0.5106178475955847,False,False
2025-04-14,34.499,2025-04-11,33.463,3.0,3.0959567283268097,False,False
2025-04-15,34.407,2025-04-14,34.499,1.0,-0.2666743963593343,False,False
2025-04-16,35.312,2025-04-15,34.407,1.0,2.630278722353019,False,False
2025-04-17,35.657,2025-04-16,35.312,1.0,0.9770049841413719,False,False
2025-04-21,35.657,2025-04-17,35.657,4.0,0.0,False,False
2025-04-22,34.244,2025-04-21,35.657,1.0,-3.962756261042699,False,False
2025-04-23,34.16,2025-04-22,34.244,1.0,-0.24529844644318732,False,False
2025-04-24,33.574,2025-04-23,34.16,1.0,-1.7154566744730593,False,False
2025-04-25,32.432,2025-04-24,33.574,1.0,-3.4014415917078544,False,False
2025-04-28,32.398,2025-04-25,32.432,3.0,-0.10483473112974373,False,False
2025-04-29,31.856,2025-04-28,32.398,1.0,-1.672942774245334,False,False
2025-04-30,32.317,2025-04-29,31.856,1.0,1.44713711702662,False,False
2025-05-01,32.149,2025-04-30,32.317,1.0,-0.5198502336231647,False,False
2025-05-02,33.078,2025-05-01,32.149,1.0,2.889669974182718,False,False
2025-05-05,32.93,2025-05-02,33.078,3.0,-0.4474272930648837,False,False
2025-05-06,34.743,2025-05-05,32.93,1.0,5.505617977528088,False,False
2025-05-07,34.531,2025-05-06,34.743,1.0,-0.6101948593961515,False,False
2025-05-08,35.341,2025-05-07,34.531,1.0,2.345718340042291,False,False
2025-05-09,34.618,2025-05-08,35.341,1.0,-2.045782518887407,False,False
2025-05-12,35.39,2025-05-09,34.618,3.0,2.2300537292737843,False,False
2025-05-13,35.744,2025-05-12,35.39,1.0,1.0002825656965308,False,False
2025-05-14,35.048,2025-05-13,35.744,1.0,-1.9471799462846828,False,False
2025-05-15,35.294,2025-05-14,35.048,1.0,0.701894544624504,False,False
2025-05-16,35.156,2025-05-15,35.294,1.0,-0.391001303337668,False,False
2025-05-19,35.225,2025-05-16,35.156,3.0,0.19626806235066852,False,False
2025-05-20,36.979,2025-05-19,35.225,1.0,4.979418026969484,False,False
2025-05-21,36.621,2025-05-20,36.979,1.0,-0.9681170394007288,False,False
2025-05-22,36.356,2025-05-21,36.621,1.0,-0.7236285191556724,False,False
2025-05-23,36.45,2025-05-22,36.356,1.0,0.2585542964022469,False,False
2025-05-27,37.006,2025-05-23,36.45,4.0,1.5253772290809264,False,False
2025-05-28,36.687,2025-05-27,37.006,1.0,-0.8620223747500488,False,False
2025-05-29,35.158,2025-05-28,36.687,1.0,-4.1676888271049535,False,False
2025-05-30,34.228,2025-05-29,35.158,1.0,-2.6452016610728712,False,False
2025-06-02,35.015,2025-05-30,34.228,3.0,2.2992871333411102,False,False
2025-06-03,35.848,2025-06-02,35.015,1.0,2.378980436955591,False,False
2025-06-04,35.65,2025-06-03,35.848,1.0,-0.5523320687346622,False,False
2025-06-05,36.393,2025-06-04,35.65,1.0,2.084151472650775,False,False
2025-06-06,36.251,2025-06-05,36.393,1.0,-0.39018492567253205,False,False
2025-06-09,35.605,2025-06-06,36.251,3.0,-1.7820198063501769,False,False
2025-06-10,34.638,2025-06-09,35.605,1.0,-2.715910686701306,False,False
2025-06-11,35.913,2025-06-10,34.638,1.0,3.680928460072752,False,False
2025-06-12,36.177,2025-06-11,35.913,1.0,0.7351098488012742,False,False
2025-06-13,37.894,2025-06-12,36.177,1.0,4.746109406528998,False,False
2025-06-16,37.906,2025-06-13,37.894,3.0,0.031667282419389764,False,False
2025-06-17,39.309,2025-06-16,37.906,1.0,3.7012610140874758,False,False
2025-06-18,38.693,2025-06-17,39.309,1.0,-1.567071154188604,False,False
2025-06-19,41.485,2025-06-18,38.693,1.0,7.215775463262086,False,False
2025-06-20,40.929,2025-06-19,41.485,1.0,-1.3402434614920966,False,False
2025-06-23,40.522,2025-06-20,40.929,3.0,-0.9944049451489301,False,False
2025-06-24,35.615,2025-06-23,40.522,1.0,-12.109471398252792,False,False
2025-06-25,35.401,2025-06-24,35.615,1.0,-0.6008704197669523,False,False
2025-06-26,34.024,2025-06-25,35.401,1.0,-3.88972062936076,False,False
2025-06-27,33.087,2025-06-26,34.024,1.0,-2.7539383964260478,False,False
2025-06-30,32.898,2025-06-27,33.087,3.0,-0.5712213255961607,False,False
2025-07-01,33.693,2025-06-30,32.898,1.0,2.416560277220481,False,False
2025-07-02,33.591,2025-07-01,33.693,1.0,-0.30273350547590505,False,False
2025-07-03,33.621,2025-07-02,33.591,1.0,0.0893096365097934,False,False
2025-07-04,33.43,2025-07-03,33.621,1.0,-0.5680973201273143,False,False
2025-07-07,33.621,2025-07-04,33.43,3.0,0.5713431049955142,False,False
2025-07-08,34.219,2025-07-07,33.621,1.0,1.7786502483566835,False,False
2025-07-09,34.304,2025-07-08,34.219,1.0,0.24840001168942027,False,False
2025-07-10,35.17,2025-07-09,34.304,1.0,2.524486940298498,False,False
2025-07-11,35.561,2025-07-10,35.17,1.0,1.1117429627523379,False,False
2025-07-14,35.454,2025-07-11,35.561,3.0,-0.30089142600039365,False,False
2025-07-15,34.445,2025-07-14,35.454,1.0,-2.8459412196085054,False,False
2025-07-16,34.809,2025-07-15,34.445,1.0,1.0567571490782246,False,False
2025-07-17,34.407,2025-07-16,34.809,1.0,-1.1548737395501218,False,False
2025-07-18,33.595,2025-07-17,34.407,1.0,-2.3599848867962847,False,False
2025-07-21,33.159,2025-07-18,33.595,3.0,-1.2978121744307236,False,False
2025-07-22,33.111,2025-07-21,33.159,1.0,-0.14475707952592565,False,False
2025-07-23,32.69,2025-07-22,33.111,1.0,-1.271480776781131,False,False
2025-07-24,32.358,2025-07-23,32.69,1.0,-1.0156011012542043,False,False
2025-07-25,32.499,2025-07-24,32.358,1.0,0.435750046356409,False,False
2025-07-28,32.899,2025-07-25,32.499,3.0,1.230807101756981,False,False
2025-07-29,34.103,2025-07-28,32.899,1.0,3.6596857047326736,False,False
2025-07-30,34.537,2025-07-29,34.103,1.0,1.2726153124358541,False,False
2025-07-31,35.279,2025-07-30,34.537,1.0,2.14842053449924,False,False
2025-08-01,33.972,2025-07-31,35.279,1.0,-3.704753536097971,False,False
2025-08-04,34.283,2025-08-01,33.972,3.0,0.9154597904156292,False,False
2025-08-05,34.406,2025-08-04,34.283,1.0,0.3587784032902608,False,False
2025-08-06,33.257,2025-08-05,34.406,1.0,-3.3395338022437993,False,False
2025-08-07,32.951,2025-08-06,33.257,1.0,-0.9201070451333448,False,False
2025-08-08,32.446,2025-08-07,32.951,1.0,-1.5325786774301298,False,False
2025-08-11,32.999,2025-08-08,32.446,3.0,1.7043703384084452,False,False
2025-08-12,32.409,2025-08-11,32.999,1.0,-1.7879329676656952,False,False
2025-08-13,32.6,2025-08-12,32.409,1.0,0.5893424665987856,False,False
2025-08-14,32.141,2025-08-13,32.6,1.0,-1.4079754601227124,False,False
2025-08-15,31.031,2025-08-14,32.141,1.0,-3.4535328707880897,False,False
2025-08-18,31.272,2025-08-15,31.031,3.0,0.7766427121265851,False,False
2025-08-19,31.227,2025-08-18,31.272,1.0,-0.14389869531848953,False,False
2025-08-20,31.906,2025-08-19,31.227,1.0,2.1744003586639638,False,False
2025-08-21,33.175,2025-08-20,31.906,1.0,3.9773083432583123,False,False
2025-08-22,33.573,2025-08-21,33.175,1.0,1.199698568198948,False,False
2025-08-25,33.774,2025-08-22,33.573,3.0,0.5986953802162409,False,False
2025-08-26,33.46,2025-08-25,33.774,1.0,-0.9297092437970056,False,False
2025-08-27,32.551,2025-08-26,33.46,1.0,-2.7166766288105215,False,False
2025-08-28,31.559,2025-08-27,32.551,1.0,-3.0475254216460357,False,False
2025-08-29,31.622,2025-08-28,31.559,1.0,0.19962609715136193,False,False
2025-09-01,32.275,2025-08-29,31.622,3.0,2.065018025425336,False,False
2025-09-02,31.772,2025-09-01,32.275,1.0,-1.5584817970565434,False,False
2025-09-03,32.112,2025-09-02,31.772,1.0,1.0701246380460994,False,False
2025-09-04,32.412,2025-09-03,32.112,1.0,0.9342301943198628,False,False
2025-09-05,31.969,2025-09-04,32.412,1.0,-1.3667777366407452,False,False
2025-09-08,33.064,2025-09-05,31.969,3.0,3.4251931558697546,False,False
2025-09-09,32.931,2025-09-08,33.064,1.0,-0.40225018146625713,False,False
2025-09-10,33.122,2025-09-09,32.931,1.0,0.5800006073304775,False,False
2025-09-11,32.323,2025-09-10,33.122,1.0,-2.4122939436024393,False,False
2025-09-12,32.662,2025-09-11,32.323,1.0,1.048788788169408,False,False
2025-09-15,32.154,2025-09-12,32.662,3.0,-1.5553242299920278,False,False
2025-09-16,32.329,2025-09-15,32.154,1.0,0.544255769111146,False,False
2025-09-17,32.401,2025-09-16,32.329,1.0,0.22271026013795936,False,False
2025-09-18,32.952,2025-09-17,32.401,1.0,1.7005647973827864,False,False
2025-09-19,32.308,2025-09-18,32.952,1.0,-1.954357853848021,False,False
2025-09-22,31.844,2025-09-19,32.308,3.0,-1.4361767983162022,False,False
2025-09-23,32.265,2025-09-22,31.844,1.0,1.3220700916970252,False,False
2025-09-24,31.903,2025-09-23,32.265,1.0,-1.121958778862553,False,False
2025-09-25,32.456,2025-09-24,31.903,1.0,1.7333793060213987,False,False
2025-09-26,32.697,2025-09-25,32.456,1.0,0.7425437515405475,False,False
2025-09-29,32.06,2025-09-26,32.697,3.0,-1.948190965532004,False,False
2025-09-30,31.411,2025-09-29,32.06,1.0,-2.0243293824079855,False,False
2025-10-01,31.335,2025-09-30,31.411,1.0,-0.24195345579574035,False,False
2025-10-02,31.455,2025-10-01,31.335,1.0,0.3829583532790837,False,False
2025-10-03,31.438,2025-10-02,31.455,1.0,-0.054045461770779735,False,False
2025-10-06,33.116,2025-10-03,31.438,3.0,5.337489662192252,False,False
2025-10-07,33.246,2025-10-06,33.116,1.0,0.39255948786085515,False,False
2025-10-08,32.7,2025-10-07,33.246,1.0,-1.64230283342357,False,False
2025-10-09,32.363,2025-10-08,32.7,1.0,-1.0305810397553627,False,False
2025-10-10,32.17,2025-10-09,32.363,1.0,-0.5963600407873137,False,False
2025-10-13,31.475,2025-10-10,32.17,3.0,-2.1603978862294038,False,False
2025-10-14,31.801,2025-10-13,31.475,1.0,1.0357426528991187,False,False
2025-10-15,31.826,2025-10-14,31.801,1.0,0.07861388006666914,False,False
2025-10-16,32.378,2025-10-15,31.826,1.0,1.7344309683906323,False,False
2025-10-17,31.816,2025-10-16,32.378,1.0,-1.73574649453333,False,False
2025-10-20,31.739,2025-10-17,31.816,3.0,-0.24201659542367748,False,False
2025-10-21,32.2,2025-10-20,31.739,1.0,1.452471722486548,False,False
2025-10-22,31.768,2025-10-21,32.2,1.0,-1.3416149068323002,False,False
2025-10-23,32.454,2025-10-22,31.768,1.0,2.159405691261651,False,False
2025-10-24,32.016,2025-10-23,32.454,1.0,-1.3496025143279744,False,False
2025-10-27,31.4,2025-10-24,32.016,3.0,-1.9240379810094965,False,False
2025-10-28,31.494,2025-10-27,31.4,1.0,0.2993630573248529,False,False
2025-10-29,31.869,2025-10-28,31.494,1.0,1.190702991045911,False,False
2025-10-30,31.048,2025-10-29,31.869,1.0,-2.5761712008534943,False,False
2025-10-31,31.122,2025-10-30,31.048,1.0,0.23834063385725912,False,False
2025-11-03,31.741,2025-10-31,31.122,3.0,1.9889467257888205,False,False
2025-11-04,32.551,2025-11-03,31.741,1.0,2.551904476859579,False,False
2025-11-05,31.819,2025-11-04,32.551,1.0,-2.2487788393597774,False,False
2025-11-06,31.548,2025-11-05,31.819,1.0,-0.8516923850529601,False,False
2025-11-07,31.201,2025-11-06,31.548,1.0,-1.0999112463547567,False,False
2025-11-10,31.071,2025-11-07,31.201,3.0,-0.4166533123938332,False,False
2025-11-11,31.102,2025-11-10,31.071,1.0,0.09977149110103056,False,False
2025-11-12,30.933,2025-11-11,31.102,1.0,-0.5433734165005477,False,False
2025-11-13,30.458,2025-11-12,30.933,1.0,-1.535576891992374,False,False
2025-11-14,31.25,2025-11-13,30.458,1.0,2.6003020552892497,False,False
2025-11-17,31.418,2025-11-14,31.25,3.0,0.5376000000000047,False,False
2025-11-18,31.694,2025-11-17,31.418,1.0,0.8784773060029227,False,False
2025-11-19,30.94,2025-11-18,31.694,1.0,-2.37899917965545,False,False
2025-11-20,31.159,2025-11-19,30.94,1.0,0.7078215901745288,False,False
2025-11-21,30.198,2025-11-20,31.159,1.0,-3.0841811354664683,False,False
2025-11-24,29.747,2025-11-21,30.198,3.0,-1.4934763891648495,False,False
2025-11-25,29.386,2025-11-24,29.747,1.0,-1.2135677547315704,False,False
2025-11-26,29.368,2025-11-25,29.386,1.0,-0.06125365820458528,False,False
2025-11-28,28.817,2025-11-26,29.368,2.0,-1.8761917733587485,False,False
2025-12-01,28.227,2025-11-28,28.817,3.0,-2.047402574868995,False,False
2025-12-02,28.05,2025-12-01,28.227,1.0,-0.6270591986396012,False,False
2025-12-03,28.206,2025-12-02,28.05,1.0,0.5561497326203257,False,False
2025-12-04,27.088,2025-12-03,28.206,1.0,-3.9636956675884516,False,False
2025-12-05,27.266,2025-12-04,27.088,1.0,0.6571175428233822,False,False
2025-12-08,26.871,2025-12-05,27.266,3.0,-1.4486906770336705,False,False
2025-12-09,27.489,2025-12-08,26.871,1.0,2.2998771910237803,False,False
2025-12-10,26.602,2025-12-09,27.489,1.0,-3.226745243551965,False,False
2025-12-11,26.805,2025-12-10,26.602,1.0,0.7631005187579865,False,False
2025-12-12,27.684,2025-12-11,26.805,1.0,3.2792389479574746,False,False
2025-12-15,27.425,2025-12-12,27.684,3.0,-0.9355584453113686,False,False
2025-12-16,26.764,2025-12-15,27.425,1.0,-2.4102096627165004,False,False
2025-12-17,27.357,2025-12-16,26.764,1.0,2.2156628306680526,False,False
2025-12-18,27.652,2025-12-17,27.357,1.0,1.078334612713383,False,False
2025-12-19,28.161,2025-12-18,27.652,1.0,1.8407348473889806,False,False
2025-12-22,27.687,2025-12-19,28.161,3.0,-1.6831788643869139,False,False
2025-12-23,27.732,2025-12-22,27.687,1.0,0.1625311518040906,False,False
2025-12-24,28.095,2025-12-23,27.732,1.0,1.3089571614019802,False,False
2025-12-26,28.095,2025-12-24,28.095,2.0,0.0,False,False
2025-12-29,28.534,2025-12-26,28.095,3.0,1.5625556148781028,False,False
2025-12-30,27.766,2025-12-29,28.534,1.0,-2.6915258989275936,False,False
2025-12-31,28.161,2025-12-30,27.766,1.0,1.4226031837499153,False,False
2026-01-02,29.004,2025-12-31,28.161,2.0,2.9935016512197654,False,False
2026-01-05,27.399,2026-01-02,29.004,3.0,-5.533719486967314,False,False
2026-01-06,28.072,2026-01-05,27.399,1.0,2.4562940253293863,False,False
2026-01-07,28.777,2026-01-06,28.072,1.0,2.511399259048175,False,False
2026-01-08,27.699,2026-01-07,28.777,1.0,-3.7460471904646075,False,False
2026-01-09,28.374,2026-01-08,27.699,1.0,2.436911079822357,False,False
2026-01-12,30.246,2026-01-09,28.374,3.0,6.597589342355681,False,False
2026-01-13,31.473,2026-01-12,30.246,1.0,4.056734774846271,False,False
2026-01-14,31.813,2026-01-13,31.473,1.0,1.0802910431163104,False,False
2026-01-15,33.158,2026-01-14,31.813,1.0,4.2278313896834785,False,False
2026-01-16,36.879,2026-01-15,33.158,1.0,11.222027866578198,False,False
2026-01-19,35.115,2026-01-16,36.879,3.0,-4.783209956886026,False,False
2026-01-20,35.887,2026-01-19,35.115,1.0,2.198490673501352,False,False
2026-01-21,39.208,2026-01-20,35.887,1.0,9.254047426644728,False,False
2026-01-22,38.079,2026-01-21,39.208,1.0,-2.879514384819415,False,False
2026-01-23,40.039,2026-01-22,38.079,1.0,5.147193991438859,False,False
2026-01-26,39.112,2026-01-23,40.039,3.0,-2.315242638427528,False,False
2026-01-27,38.761,2026-01-26,39.112,1.0,-0.8974227858457695,False,False
2026-01-28,38.861,2026-01-27,38.761,1.0,0.25799127989472037,False,False
2026-01-29,40.113,2026-01-28,38.861,1.0,3.2217390185533157,False,False
2026-01-30,39.285,2026-01-29,40.113,1.0,-2.06416872335653,False,False
2026-02-02,33.945,2026-01-30,39.285,3.0,-13.592974417716675,False,False
2026-02-03,32.86,2026-02-02,33.945,1.0,-3.1963470319634757,False,False
2026-02-04,33.501,2026-02-03,32.86,1.0,1.950699939135725,False,False
2026-02-05,33.735,2026-02-04,33.501,1.0,0.6984866123399325,False,False
2026-02-06,35.694,2026-02-05,33.735,1.0,5.807025344597605,False,False
2026-02-09,33.496,2026-02-06,35.694,3.0,-6.157897685885583,False,False
2026-02-10,31.846,2026-02-09,33.496,1.0,-4.925961308812998,False,False
2026-02-11,32.167,2026-02-10,31.846,1.0,1.007975883941481,False,False
2026-02-12,32.994,2026-02-11,32.167,1.0,2.5709578139086586,False,False
2026-02-13,32.5,2026-02-12,32.994,1.0,-1.4972419227738398,False,False
2026-02-16,30.755,2026-02-13,32.5,3.0,-5.369230769230771,False,False
2026-02-17,29.822,2026-02-16,30.755,1.0,-3.033653064542352,False,False
2026-02-18,31.481,2026-02-17,29.822,1.0,5.563007175910406,False,False
2026-02-19,33.523,2026-02-18,31.481,1.0,6.486452145738708,False,False
2026-02-20,32.029,2026-02-19,33.523,1.0,-4.456641708677623,False,False
2026-02-23,31.834,2026-02-20,32.029,3.0,-0.6088232539261385,False,False
2026-02-24,30.891,2026-02-23,31.834,1.0,-2.9622416284475817,False,False
2026-02-25,31.05,2026-02-24,30.891,1.0,0.5147130232106445,False,False
2026-02-26,32.224,2026-02-25,31.05,1.0,3.7809983896940347,False,False
2026-02-27,31.959,2026-02-26,32.224,1.0,-0.8223684210526216,False,False
2026-03-02,44.506,2026-02-27,31.959,3.0,39.25967646046497,False,False
2026-03-03,54.29,2026-03-02,44.506,1.0,21.98355277940052,False,False
2026-03-04,48.767,2026-03-03,54.29,1.0,-10.173144225455877,False,False
2026-03-05,50.731,2026-03-04,48.767,1.0,4.027313552197187,False,False
2026-03-06,53.385,2026-03-05,50.731,1.0,5.231515247087581,False,False
2026-03-09,56.453,2026-03-06,53.385,3.0,5.746932658986625,False,False
2026-03-10,47.393,2026-03-09,56.453,1.0,-16.04874851646503,False,False
2026-03-11,49.989,2026-03-10,47.393,1.0,5.477602177536767,False,False
2026-03-12,50.87,2026-03-11,49.989,1.0,1.7623877252995745,False,False
2026-03-13,50.115,2026-03-12,50.87,1.0,-1.4841753489286291,False,False
2026-03-16,50.887,2026-03-13,50.115,3.0,1.5404569490172548,False,False
2026-03-17,51.559,2026-03-16,50.887,1.0,1.320573034370276,False,False
2026-03-18,54.662,2026-03-17,51.559,1.0,6.018347912100697,False,False
2026-03-19,61.852,2026-03-18,54.662,1.0,13.153561889429577,False,False
2026-03-20,59.255,2026-03-19,61.852,1.0,-4.198732458125843,False,False
2026-03-23,56.683,2026-03-20,59.255,3.0,-4.340561977892166,False,False
2026-03-24,54.041,2026-03-23,56.683,1.0,-4.66100947373993,False,False
2026-03-25,52.816,2026-03-24,54.041,1.0,-2.2667974315797146,False,False
2026-03-26,55.218,2026-03-25,52.816,1.0,4.547864283550451,False,False
2026-03-27,54.177,2026-03-26,55.218,1.0,-1.8852548082147202,False,False
2026-03-30,54.814,2026-03-27,54.177,3.0,1.1757756981745082,False,False
2026-03-31,50.757,2026-03-30,54.814,1.0,-7.401393804502499,False,False
2026-04-01,47.51,2026-03-31,50.757,1.0,-6.39714719152038,False,False
2026-04-02,50.044,2026-04-01,47.51,1.0,5.333613976005047,False,False
2026-04-03,50.044,2026-04-02,50.044,1.0,0.0,False,False
2026-04-06,50.044,2026-04-03,50.044,3.0,0.0,False,False
2026-04-07,53.247,2026-04-06,50.044,1.0,6.40036767644474,False,False
2026-04-08,45.301,2026-04-07,53.247,1.0,-14.922906454823737,False,False
2026-04-09,46.175,2026-04-08,45.301,1.0,1.9293172336151354,False,False
2026-04-10,43.638,2026-04-09,46.175,1.0,-5.494315105576608,False,False
2026-04-13,46.413,2026-04-10,43.638,3.0,6.3591365323800275,False,False
2026-04-14,43.365,2026-04-13,46.413,1.0,-6.567125589813183,False,False
2026-04-15,41.399,2026-04-14,43.365,1.0,-4.533610054191173,False,False
2026-04-16,42.422,2026-04-15,41.399,1.0,2.4710741805357594,False,False
2026-04-17,38.769,2026-04-16,42.422,1.0,-8.611098015180795,False,False
2026-04-20,40.292,2026-04-17,38.769,3.0,3.928396399184919,False,False
2026-04-21,41.931,2026-04-20,40.292,1.0,4.067805023329685,False,False
2026-04-22,43.552,2026-04-21,41.931,1.0,3.865874889699761,False,False
2026-04-23,44.496,2026-04-22,43.552,1.0,2.167523879500366,False,False
2026-04-24,44.861,2026-04-23,44.496,1.0,0.8202984537935887,False,False
2026-04-27,44.646,2026-04-24,44.861,3.0,-0.4792581529613593,False,False
2026-04-28,43.594,2026-04-27,44.646,1.0,-2.356314115486269,False,False
2026-04-29,46.853,2026-04-28,43.594,1.0,7.475799421938789,False,False
2026-04-30,45.987,2026-04-29,46.853,1.0,-1.8483341514951013,False,False
2026-05-01,45.766,2026-04-30,45.987,1.0,-0.4805705960380213,False,False
2026-05-04,48.143,2026-05-01,45.766,3.0,5.193812000174813,False,False
2026-05-05,46.926,2026-05-04,48.143,1.0,-2.527885673929753,False,False
2026-05-06,43.902,2026-05-05,46.926,1.0,-6.444188722669741,False,False
2026-05-07,43.561,2026-05-06,43.902,1.0,-0.776729989522118,False,False
2026-05-08,44.143,2026-05-07,43.561,1.0,1.3360574826105864,False,False
2026-05-11,46.233,2026-05-08,44.143,3.0,4.734612509344616,False,False
2026-05-12,46.684,2026-05-11,46.233,1.0,0.9754936949797788,False,False
2026-05-13,46.92,2026-05-12,46.684,1.0,0.5055265187216218,False,False
2026-05-14,47.655,2026-05-13,46.92,1.0,1.5664961636828734,False,False
2026-05-15,50.167,2026-05-14,47.655,1.0,5.2712202287273024,False,False
2026-05-18,50.25,2026-05-15,50.167,3.0,0.16544740566506455,False,False
2026-05-19,51.816,2026-05-18,50.25,1.0,3.1164179104477663,False,False
2026-05-20,49.425,2026-05-19,51.816,1.0,-4.614404817044937,False,False
2026-05-21,49.408,2026-05-20,49.425,1.0,-0.03439554881131679,False,False
2026-05-22,48.683,2026-05-21,49.408,1.0,-1.4673737046632107,False,False
2026-05-26,47.472,2026-05-22,48.683,4.0,-2.4875213113407124,False,False
2026-05-27,46.413,2026-05-26,47.472,1.0,-2.23078867542974,False,False
2026-05-28,46.921,2026-05-27,46.413,1.0,1.0945209316355342,False,False
2026-05-29,46.001,2026-05-28,46.921,1.0,-1.9607425246691235,False,False
2026-06-01,49.09,2026-05-29,46.001,3.0,6.715071411491058,False,False
2026-06-02,47.607,2026-06-01,49.09,1.0,-3.0209818700346336,False,False
2026-06-03,48.864,2026-06-02,47.607,1.0,2.6403680131073193,False,False
2026-06-04,48.752,2026-06-03,48.864,1.0,-0.2292075965946161,False,False
2026-06-05,48.496,2026-06-04,48.752,1.0,-0.5251066622907752,False,False
2026-06-08,49.826,2026-06-05,48.496,3.0,2.7424942263279517,False,False
2026-06-09,48.744,2026-06-08,49.826,1.0,-2.1715570184241195,False,False
2026-06-10,49.989,2026-06-09,48.744,1.0,2.5541605120630084,False,False
2026-06-11,49.69,2026-06-10,49.989,1.0,-0.5981315889495686,False,False
2026-06-12,46.773,2026-06-11,49.69,1.0,-5.870396458039839,False,False
2026-06-15,42.507,2026-06-12,46.773,3.0,-9.120646526842425,False,False
2026-06-16,41.769,2026-06-15,42.507,1.0,-1.7361846284141391,False,False
2026-06-17,41.915,2026-06-16,41.769,1.0,0.3495415260121204,False,False
2026-06-18,40.523,2026-06-17,41.915,1.0,-3.3210067994751236,False,False
2026-06-19,42.07,2026-06-18,40.523,1.0,3.8175850751424933,False,False
2026-06-22,41.887,2026-06-19,42.07,3.0,-0.4349893035417107,False,False
2026-06-23,42.014,2026-06-22,41.887,1.0,0.3031966958722432,False,False
2026-06-24,40.876,2026-06-23,42.014,1.0,-2.708620935878525,False,False
2026-06-25,40.405,2026-06-24,40.876,1.0,-1.1522653880027267,False,False
2026-06-26,40.782,2026-06-25,40.405,1.0,0.93305283999503,False,False
2026-06-29,42.565,2026-06-26,40.782,3.0,4.372026874601542,False,False
2026-06-30,43.444,2026-06-29,42.565,1.0,2.0650769411488357,False,False
2026-07-01,42.779,2026-06-30,43.444,1.0,-1.5307061964828228,False,False
2026-07-02,44.015,2026-07-01,42.779,1.0,2.8892680988335417,False,False
2026-07-03,44.25,2026-07-02,44.015,1.0,0.5339088946949788,False,False
2026-07-06,44.131,2026-07-03,44.25,3.0,-0.26892655367231066,False,False
2026-07-07,46.576,2026-07-06,44.131,1.0,5.54032312886632,False,False
2026-07-08,49.022,2026-07-07,46.576,1.0,5.251631741669516,False,False
2026-07-09,50.102,2026-07-08,49.022,1.0,2.203092489086522,False,False
2026-07-10,48.655,2026-07-09,50.102,1.0,-2.888108259151323,False,False
2026-07-13,51.275,2026-07-10,48.655,3.0,5.384852533141493,False,False
2026-07-14,52.959,2026-07-13,51.275,1.0,3.28425158459289,False,False
2026-07-15,54.353,2026-07-14,52.959,1.0,2.6322249287184407,False,False
2026-07-16,54.785,2026-07-15,54.353,1.0,0.7948043346273304,False,False
2026-07-17,57.395,2026-07-16,54.785,1.0,4.764077758510554,False,False
2026-07-20,58.742,2026-07-17,57.395,3.0,2.3468943287742627,False,False
2026-07-21,59.663,2026-07-20,58.742,1.0,1.5678730720779077,False,False
2026-07-22,62.537,2026-07-21,59.663,1.0,4.817055796724934,False,False
2026-07-23,61.898,2026-07-22,62.537,1.0,-1.0217950973023915,False,False
2026-07-24,63.575,2026-07-23,61.898,1.0,2.709295938479439,False,False
2026-07-27,58.253,2026-07-24,63.575,3.0,-8.371215100275265,False,False
2026-07-28,57.737,2026-07-27,58.253,1.0,-0.8857912897189846,False,False
2026-07-29,60.42,2026-07-28,57.737,1.0,4.646933508841822,False,False
2026-07-30,58.181,2026-07-29,60.42,1.0,-3.705726580602453,False,False
2026-07-31,59.071,2026-07-30,58.181,1.0,1.529709011532976,False,False
2026-08-03,57.505,2026-07-31,59.071,3.0,-2.651047045081334,False,False
2026-08-04,55.921,2026-08-03,57.505,1.0,-2.754543083210159,False,False
2026-08-05,52.404,2026-08-04,55.921,1.0,-6.289229448686529,False,False
2026-08-06,55.769,2026-08-05,52.404,1.0,6.421265552247912,False,False
2026-08-07,55.544,2026-08-06,55.769,1.0,-0.40344994531011924,False,False
2026-08-10,60.798,2026-08-07,55.544,3.0,9.459167506841437,False,False
2026-08-11,58.735,2026-08-10,60.798,1.0,-3.3932037238067037,False,False
2026-08-12,61.021,2026-08-11,58.735,1.0,3.8920575466076412,False,False
2026-08-13,60.4,2026-08-12,61.021,1.0,-1.0176824371937565,False,False
2026-08-14,61.424,2026-08-13,60.4,1.0,1.6953642384105905,False,False
2026-08-17,61.757,2026-08-14,61.424,3.0,0.5421333680645901,False,False
2026-08-18,63.646,2026-08-17,61.757,1.0,3.058762569425344,False,False
2026-08-19,63.381,2026-08-18,63.646,1.0,-0.4163655217924167,False,False
2026-08-20,65.295,2026-08-19,63.381,1.0,3.019832441898984,False,False
2026-08-21,65.865,2026-08-20,65.295,1.0,0.8729611762003042,False,False
2026-08-24,68.32,2026-08-21,65.865,3.0,3.727321035451303,False,False
2026-08-25,66.588,2026-08-24,68.32,1.0,-2.5351288056206123,False,False
2026-08-26,65.626,2026-08-25,66.588,1.0,-1.4447047516068845,False,False
2026-08-27,68.095,2026-08-26,65.626,1.0,3.7622283850912597,True,False
2026-08-28,66.979,2026-08-27,68.095,1.0,-1.638886849254717,True,False
2026-08-31,70.27,2026-08-28,66.979,3.0,4.913480344585608,False,True
2026-09-01,70.91,2026-08-31,70.27,1.0,0.9107727337412941,False,False
